api_id,category,endpoint_name,original_endpoint,original_example,original_version,workbook_description,workbook_status,verified_endpoint,official_example,official_documentation,mapping_status,mapping_notes,parameters_verification,stock_applicable,collection_scope,collection_status_summary_json,sampled_stock_count,live_mapping_test_basis
FMP-001,Company Search,General Search API,https://financialmodelingprep.com/api/v3/search,https://financialmodelingprep.com/api/v3/search?query=AA,v3,"Search over 70,000 symbols by symbol name or company name, including cryptocurrencies, forex, stocks, etf and other financial instruments.",Mapped from supplied text. Current availability not tested.,https://financialmodelingprep.com/stable/search-symbol,https://financialmodelingprep.com/stable/search-symbol?query=AAPL,https://site.financialmodelingprep.com/developer/docs,official_catalogue_verified_replacement,"Search-symbol is a narrower replacement, not a guarantee of identical general instrument/company search coverage.",Parameter names/values in official_example are documented. Additional sampling controls originate from workbook or live probes; not an exhaustive required/optional contract.,True,stock,"{""success"": 12}",11,See coverage requests; HTTP success does not prove semantic equivalence or optional parameter enforcement.
FMP-002,Company Search,Ticker Search API,https://financialmodelingprep.com/api/v3/search-ticker,https://financialmodelingprep.com/api/v3/search-ticker?query=AA&limit=10&exchange=NASDAQ,v3,Find ticker symbols and exchanges for both equity securities and exchange-traded funds (ETFs) by searching with the company name or ticker symbol.,Mapped from supplied text. Current availability not tested.,https://financialmodelingprep.com/stable/search-symbol,https://financialmodelingprep.com/stable/search-symbol?query=AAPL,https://site.financialmodelingprep.com/developer/docs,official_catalogue_verified_replacement,Replacement selected by matching endpoint purpose; current field compatibility must be checked.,Parameter names/values in official_example are documented. Additional sampling controls originate from workbook or live probes; not an exhaustive required/optional contract.,True,stock,"{""success"": 11}",11,See coverage requests; HTTP success does not prove semantic equivalence or optional parameter enforcement.
FMP-003,Company Search,Name Search API,https://financialmodelingprep.com/api/v3/search-name,https://financialmodelingprep.com/api/v3/search-name?query=META&limit=10&exchange=NASDAQ,v3,Find ticker symbols and exchange information for equity securities and exchange-traded funds (ETFs) by searching with the company name.,Mapped from supplied text. Current availability not tested.,https://financialmodelingprep.com/stable/search-name,https://financialmodelingprep.com/stable/search-name?query=AA,https://site.financialmodelingprep.com/developer/docs,official_catalogue_verified_replacement,Replacement selected by matching endpoint purpose; current field compatibility must be checked.,Parameter names/values in official_example are documented. Additional sampling controls originate from workbook or live probes; not an exhaustive required/optional contract.,True,stock,"{""success"": 11}",11,See coverage requests; HTTP success does not prove semantic equivalence or optional parameter enforcement.
FMP-004,Company Search,CIK Name Search API,https://financialmodelingprep.com/api/v3/cik-search/{company_name},https://financialmodelingprep.com/api/v3/cik-search/Berkshire,v3,Discover CIK numbers for SEC-registered entities with our CIK Name Search.,Mapped from supplied text. Current availability not tested.,,,,no_current_replacement_verified,No exact stable equivalent verified; original workbook route will be tested where HTTP sampling is possible.,Parameter names/values in official_example are documented. Additional sampling controls originate from workbook or live probes; not an exhaustive required/optional contract.,True,stock,"{""empty"": 3, ""success"": 9}",8,See coverage requests; HTTP success does not prove semantic equivalence or optional parameter enforcement.
FMP-005,Company Search,CIK Search API,https://financialmodelingprep.com/api/v3/cik/{cik_or_cusip},https://financialmodelingprep.com/api/v3/cik/0001067983,v3,Quickly find registered company names linked to SEC-registered entities using their CIK Number with our CIK Search..,Mapped from supplied text. Current availability not tested.,https://financialmodelingprep.com/stable/search-cik,https://financialmodelingprep.com/stable/search-cik?cik=320193,https://site.financialmodelingprep.com/developer/docs,official_catalogue_verified_replacement,Replacement selected by matching endpoint purpose; current field compatibility must be checked.,Parameter names/values in official_example are documented. Additional sampling controls originate from workbook or live probes; not an exhaustive required/optional contract.,True,stock,"{""success"": 11}",11,See coverage requests; HTTP success does not prove semantic equivalence or optional parameter enforcement.
FMP-006,Company Search,Cusip Search API,https://financialmodelingprep.com/api/v3/cusip/000360206,https://financialmodelingprep.com/api/v3/cusip/000360206,v3,Access information about financial instruments and securities by simply entering their unique CUSIP (Committee on Uniform Securities Identification Procedures) numbers with our CUSIP Search..,Mapped from supplied text. Current availability not tested.,https://financialmodelingprep.com/stable/search-cusip,https://financialmodelingprep.com/stable/search-cusip?cusip=037833100,https://site.financialmodelingprep.com/developer/docs,official_catalogue_verified_replacement,Replacement selected by matching endpoint purpose; current field compatibility must be checked.,Parameter names/values in official_example are documented. Additional sampling controls originate from workbook or live probes; not an exhaustive required/optional contract.,True,stock,"{""success"": 11}",11,See coverage requests; HTTP success does not prove semantic equivalence or optional parameter enforcement.
FMP-007,Company Search,ISIN Search API,https://financialmodelingprep.com/api/v4/search/isin,https://financialmodelingprep.com/api/v4/search/isin?isin=US0378331005,v4,Find information about financial instruments and securities by entering their unique ISIN (International Securities Identification Number) with our ISIN Search.,Mapped from supplied text. Current availability not tested.,https://financialmodelingprep.com/stable/search-isin,https://financialmodelingprep.com/stable/search-isin?isin=US0378331005,https://site.financialmodelingprep.com/developer/docs,official_catalogue_verified_replacement,Replacement selected by matching endpoint purpose; current field compatibility must be checked.,Parameter names/values in official_example are documented. Additional sampling controls originate from workbook or live probes; not an exhaustive required/optional contract.,True,stock,"{""success"": 11}",11,See coverage requests; HTTP success does not prove semantic equivalence or optional parameter enforcement.
FMP-008,Stock List,Symbol List API,https://financialmodelingprep.com/api/v3/stock/list,https://financialmodelingprep.com/api/v3/stock/list,v3,"Find symbols for traded and non-traded stocks with our Symbol List. This comprehensive list includes over 80,000 stocks, making it the perfect resource for investors and traders of all levels.",Mapped from supplied text. Current availability not tested.,https://financialmodelingprep.com/stable/stock-list,https://financialmodelingprep.com/stable/stock-list,https://site.financialmodelingprep.com/developer/docs,official_catalogue_verified_replacement,Replacement selected by matching endpoint purpose; current field compatibility must be checked.,Parameter names/values in official_example are documented. Additional sampling controls originate from workbook or live probes; not an exhaustive required/optional contract.,False,alternative_or_marketwide,"{""bounded_download"": 1}",0,See coverage requests; HTTP success does not prove semantic equivalence or optional parameter enforcement.
FMP-009,Stock List,Exchange Traded Fund Search API,https://financialmodelingprep.com/api/v3/etf/list,https://financialmodelingprep.com/api/v3/etf/list,v3,"Our Exchange Traded Fund Search makes it easy to find the symbol for any ETF you're looking for. Simply query the endpoint to get a full list of ETFs we cover, including Name, Symbol, Exchange, and Price.",Mapped from supplied text. Current availability not tested.,https://financialmodelingprep.com/stable/etf-list,https://financialmodelingprep.com/stable/etf-list,https://site.financialmodelingprep.com/developer/docs,official_catalogue_verified_replacement,Replacement selected by matching endpoint purpose; current field compatibility must be checked.,Parameter names/values in official_example are documented. Additional sampling controls originate from workbook or live probes; not an exhaustive required/optional contract.,False,alternative_or_marketwide,"{""success"": 1}",0,See coverage requests; HTTP success does not prove semantic equivalence or optional parameter enforcement.
FMP-010,Stock List,Statement Symbols List API,https://financialmodelingprep.com/api/v3/financial-statement-symbol-lists,https://financialmodelingprep.com/api/v3/financial-statement-symbol-lists,v3,"Discover all companies with financial statements available on our API. Our comprehensive list covers major exchanges such as the NYSE and NASDAQ, as well as international exchanges. This list is regularly updated, so you can always find the information you need.",Mapped from supplied text. Current availability not tested.,https://financialmodelingprep.com/stable/financial-statement-symbol-list,https://financialmodelingprep.com/stable/financial-statement-symbol-list,https://site.financialmodelingprep.com/developer/docs,official_catalogue_verified_replacement,Replacement selected by matching endpoint purpose; current field compatibility must be checked.,Parameter names/values in official_example are documented. Additional sampling controls originate from workbook or live probes; not an exhaustive required/optional contract.,False,alternative_or_marketwide,"{""bounded_download"": 1}",0,See coverage requests; HTTP success does not prove semantic equivalence or optional parameter enforcement.
FMP-011,Stock List,Tradable Search API,https://financialmodelingprep.com/api/v3/available-traded/list,https://financialmodelingprep.com/api/v3/available-traded/list,v3,"Discover all actively traded stocks with our Tradable Search feature. This comprehensive list includes over 70,000 stocks, with symbol, name, price, and exchange information for each company.",Mapped from supplied text. Current availability not tested.,https://financialmodelingprep.com/stable/actively-trading-list,https://financialmodelingprep.com/stable/actively-trading-list,https://site.financialmodelingprep.com/developer/docs,official_catalogue_verified_replacement,Replacement selected by matching endpoint purpose; current field compatibility must be checked.,Parameter names/values in official_example are documented. Additional sampling controls originate from workbook or live probes; not an exhaustive required/optional contract.,False,alternative_or_marketwide,"{""success"": 1}",0,See coverage requests; HTTP success does not prove semantic equivalence or optional parameter enforcement.
FMP-012,Stock List,Commitment of traders report API,https://financialmodelingprep.com/api/v4/commitment_of_traders_report/list,https://financialmodelingprep.com/api/v4/commitment_of_traders_report/list,v4,"The Commitment of Traders Report is a weekly report from the Commodity Futures Trading Commission (CFTC) that provides insights into the positions of market participants in various markets. Our Commitment of Traders Report tool makes it easy to access and analyze this valuable data, helping you to make more informed trading decisions.",Mapped from supplied text. Current availability not tested.,https://financialmodelingprep.com/stable/commitment-of-traders-list,https://financialmodelingprep.com/stable/commitment-of-traders-list,https://site.financialmodelingprep.com/developer/docs,official_catalogue_verified_replacement,Replacement selected by matching endpoint purpose; current field compatibility must be checked.,Parameter names/values in official_example are documented. Additional sampling controls originate from workbook or live probes; not an exhaustive required/optional contract.,False,alternative_or_marketwide,"{""restricted"": 1, ""success"": 1}",0,See coverage requests; HTTP success does not prove semantic equivalence or optional parameter enforcement.
FMP-013,Stock List,13F CIK List API,https://financialmodelingprep.com/api/v3/cik_list,https://financialmodelingprep.com/api/v3/cik_list,v3,"Our CIK List provides a comprehensive database of 13F CIK numbers for SEC-registered entities. A CIK number is a unique identifier assigned to each SEC-registered entity, and it is required for many financial transactions. Our CIK List is a valuable resource for businesses and individuals who need to quickly and easily find CIK numbers.",Mapped from supplied text. Current availability not tested.,https://financialmodelingprep.com/stable/cik-list,https://financialmodelingprep.com/stable/cik-list?page=0&limit=1000,https://site.financialmodelingprep.com/developer/docs,official_catalogue_verified_replacement,Replacement selected by matching endpoint purpose; current field compatibility must be checked.,Parameter names/values in official_example are documented. Additional sampling controls originate from workbook or live probes; not an exhaustive required/optional contract.,False,alternative_or_marketwide,"{""success"": 1}",0,See coverage requests; HTTP success does not prove semantic equivalence or optional parameter enforcement.
FMP-014,Stock List,Euronext Symbols API,https://financialmodelingprep.com/api/v3/symbol/available-euronext,https://financialmodelingprep.com/api/v3/symbol/available-euronext,v3,"Find all symbols for stocks traded on Euronext exchanges with our comprehensive list. Euronext is one of the largest exchanges in Europe, and our list includes stocks from a wide range of industries.",Mapped from supplied text. Current availability not tested.,,,,no_current_replacement_verified,No exact stable equivalent verified; original workbook route will be tested where HTTP sampling is possible.,Parameter names/values in official_example are documented. Additional sampling controls originate from workbook or live probes; not an exhaustive required/optional contract.,False,alternative_or_marketwide,"{""empty"": 1}",0,See coverage requests; HTTP success does not prove semantic equivalence or optional parameter enforcement.
FMP-015,Stock List,Symbol Changes API,https://financialmodelingprep.com/api/v4/symbol_change,https://financialmodelingprep.com/api/v4/symbol_change,v4,"Stay up-to-date on the latest symbol changes with our easy-to-use tool. Track symbol changes due to mergers, acquisitions, stock splits, and name changes.",Mapped from supplied text. Current availability not tested.,https://financialmodelingprep.com/stable/symbol-change,https://financialmodelingprep.com/stable/symbol-change,https://site.financialmodelingprep.com/developer/docs,official_catalogue_verified_replacement,Replacement selected by matching endpoint purpose; current field compatibility must be checked.,Parameter names/values in official_example are documented. Additional sampling controls originate from workbook or live probes; not an exhaustive required/optional contract.,False,alternative_or_marketwide,"{""success"": 1}",0,See coverage requests; HTTP success does not prove semantic equivalence or optional parameter enforcement.
FMP-016,Stock List,Exchange Symbols API,https://financialmodelingprep.com/api/v3/symbol/{exchange},https://financialmodelingprep.com/api/v3/symbol/NASDAQ,v3,"Our Exchange Symbols list includes all symbols for a given exchange. This list includes all the symbols that FMP covers from the selected exchange, making it a valuable resource for investors and traders who want to view the full list of equities on different exchanges.",Mapped from supplied text. Current availability not tested.,https://financialmodelingprep.com/stable/batch-exchange-quote,https://financialmodelingprep.com/stable/batch-exchange-quote?exchange=NASDAQ,https://site.financialmodelingprep.com/developer/docs,official_catalogue_verified_replacement,Batch exchange quotes replace symbol enumeration; not equivalent record coverage.,Parameter names/values in official_example are documented. Additional sampling controls originate from workbook or live probes; not an exhaustive required/optional contract.,False,alternative_or_marketwide,"{""bounded_download"": 1, ""restricted"": 1}",0,See coverage requests; HTTP success does not prove semantic equivalence or optional parameter enforcement.
FMP-017,Stock List,Available Indexes API,https://financialmodelingprep.com/api/v3/symbol/available-indexes,https://financialmodelingprep.com/api/v3/symbol/available-indexes,v3,"The FMP Available Indexes endpoint provides a list of all available indexes. The list includes the index's symbol, name, and exchange.",Mapped from supplied text. Current availability not tested.,https://financialmodelingprep.com/stable/index-list,https://financialmodelingprep.com/stable/index-list,https://site.financialmodelingprep.com/developer/docs,official_catalogue_verified_replacement,Replacement selected by matching endpoint purpose; current field compatibility must be checked.,Parameter names/values in official_example are documented. Additional sampling controls originate from workbook or live probes; not an exhaustive required/optional contract.,False,alternative_or_marketwide,"{""success"": 1}",0,See coverage requests; HTTP success does not prove semantic equivalence or optional parameter enforcement.
FMP-018,Company information,Company Profile API,https://financialmodelingprep.com/api/v3/profile/{symbol},https://financialmodelingprep.com/api/v3/profile/AAPL,v3,"Get a comprehensive overview of a company with our Company Profile endpoint. This endpoint provides key information such as price, beta, market capitalization, description, headquarters, and more.",Mapped from supplied text. Current availability not tested.,https://financialmodelingprep.com/stable/profile,https://financialmodelingprep.com/stable/profile?symbol=AAPL,https://site.financialmodelingprep.com/developer/docs,official_catalogue_verified_replacement,Replacement selected by matching endpoint purpose; current field compatibility must be checked.,Parameter names/values in official_example are documented. Additional sampling controls originate from workbook or live probes; not an exhaustive required/optional contract.,True,stock,"{""success"": 11}",11,See coverage requests; HTTP success does not prove semantic equivalence or optional parameter enforcement.
FMP-019,Company information,Executive Compensation API,https://financialmodelingprep.com/api/v4/governance/executive_compensation,https://financialmodelingprep.com/api/v4/governance/executive_compensation?symbol=AAPL,v4,"Understand how a company compensates its executives with our Executive Compensation endpoint. This endpoint provides information such as salary, bonus, and stock options for each executive.",Mapped from supplied text. Current availability not tested.,https://financialmodelingprep.com/stable/governance-executive-compensation,https://financialmodelingprep.com/stable/governance-executive-compensation?symbol=AAPL,https://site.financialmodelingprep.com/developer/docs,official_catalogue_verified_replacement,Replacement selected by matching endpoint purpose; current field compatibility must be checked.,Parameter names/values in official_example are documented. Additional sampling controls originate from workbook or live probes; not an exhaustive required/optional contract.,True,stock,"{""restricted"": 5, ""success"": 17}",11,See coverage requests; HTTP success does not prove semantic equivalence or optional parameter enforcement.
FMP-020,Company information,Compensation Benchmark API,https://financialmodelingprep.com/api/v4/executive-compensation-benchmark,https://financialmodelingprep.com/api/v4/executive-compensation-benchmark?year=2022,v4,Compare a company's executive compensation to other companies in the same industry with our Compensation Benchmark endpoint. This endpoint can help you understand how competitive a company's executive compensation is.,Mapped from supplied text. Current availability not tested.,https://financialmodelingprep.com/stable/executive-compensation-benchmark,https://financialmodelingprep.com/stable/executive-compensation-benchmark,https://site.financialmodelingprep.com/developer/docs,official_catalogue_verified_replacement,Replacement selected by matching endpoint purpose; current field compatibility must be checked.,Parameter names/values in official_example are documented. Additional sampling controls originate from workbook or live probes; not an exhaustive required/optional contract.,False,alternative_or_marketwide,"{""restricted"": 1, ""success"": 1}",0,See coverage requests; HTTP success does not prove semantic equivalence or optional parameter enforcement.
FMP-021,Company information,Company Notes API,https://financialmodelingprep.com/api/v4/company-notes,https://financialmodelingprep.com/api/v4/company-notes?symbol=AAPL,v4,"Stay up-to-date on a company's financial condition, operations, and risks with our Company Notes endpoint. This endpoint provides information about notes reported by a company in their financial statements.",Mapped from supplied text. Current availability not tested.,https://financialmodelingprep.com/stable/company-notes,https://financialmodelingprep.com/stable/company-notes?symbol=AAPL,https://site.financialmodelingprep.com/developer/docs,official_catalogue_verified_replacement,Replacement selected by matching endpoint purpose; current field compatibility must be checked.,Parameter names/values in official_example are documented. Additional sampling controls originate from workbook or live probes; not an exhaustive required/optional contract.,True,stock,"{""empty"": 6, ""success"": 5}",5,See coverage requests; HTTP success does not prove semantic equivalence or optional parameter enforcement.
FMP-022,Company information,Historical Employee API,https://financialmodelingprep.com/api/v4/historical/employee_count,https://financialmodelingprep.com/api/v4/historical/employee_count?symbol=AAPL,v4,Track how a company's workforce has grown or shrunk over time with our Historical Employees endpoint. This endpoint provides historical data about the number of employees in a company.,Mapped from supplied text. Current availability not tested.,https://financialmodelingprep.com/stable/historical-employee-count,https://financialmodelingprep.com/stable/historical-employee-count?symbol=AAPL,https://site.financialmodelingprep.com/developer/docs,official_catalogue_verified_replacement,Replacement selected by matching endpoint purpose; current field compatibility must be checked.,Parameter names/values in official_example are documented. Additional sampling controls originate from workbook or live probes; not an exhaustive required/optional contract.,True,stock,"{""success"": 11}",11,See coverage requests; HTTP success does not prove semantic equivalence or optional parameter enforcement.
FMP-023,Company information,Employee Count API,https://financialmodelingprep.com/api/v4/employee_count,https://financialmodelingprep.com/api/v4/employee_count?symbol=AAPL,v4,Get the current number of employees in a company with our Employee Count endpoint. This endpoint can help you understand the size of a company's workforce and compare it to other companies.,Mapped from supplied text. Current availability not tested.,https://financialmodelingprep.com/stable/employee-count,https://financialmodelingprep.com/stable/employee-count?symbol=AAPL,https://site.financialmodelingprep.com/developer/docs,official_catalogue_verified_replacement,Replacement selected by matching endpoint purpose; current field compatibility must be checked.,Parameter names/values in official_example are documented. Additional sampling controls originate from workbook or live probes; not an exhaustive required/optional contract.,True,stock,"{""success"": 11}",11,See coverage requests; HTTP success does not prove semantic equivalence or optional parameter enforcement.
FMP-024,Company information,Screener (Stock) API,https://financialmodelingprep.com/api/v3/stock-screener,https://financialmodelingprep.com/api/v3/stock-screener,v3,"Find stocks that meet your investment criteria with our Screener (Stock) endpoint. This endpoint allows you to search for stocks based on various criteria, such as market cap, price, volume, beta, sector, and country.",Mapped from supplied text. Current availability not tested.,https://financialmodelingprep.com/stable/company-screener,https://financialmodelingprep.com/stable/company-screener,https://site.financialmodelingprep.com/developer/docs,official_catalogue_verified_replacement,Replacement selected by matching endpoint purpose; current field compatibility must be checked.,Parameter names/values in official_example are documented. Additional sampling controls originate from workbook or live probes; not an exhaustive required/optional contract.,False,alternative_or_marketwide,"{""success"": 1}",0,See coverage requests; HTTP success does not prove semantic equivalence or optional parameter enforcement.
FMP-025,Company information,Stock Grade API,https://financialmodelingprep.com/api/v3/grade/{symbol},https://financialmodelingprep.com/api/v3/grade/AAPL,v3,"Get a sense of how professional investors view a company with our Stock Grade endpoint. This endpoint provides a rating of a company given by hedge funds, investment firms, and analysts.",Mapped from supplied text. Current availability not tested.,https://financialmodelingprep.com/stable/grades,https://financialmodelingprep.com/stable/grades?symbol=AAPL,https://site.financialmodelingprep.com/developer/docs,official_catalogue_verified_replacement,Replacement selected by matching endpoint purpose; current field compatibility must be checked.,Parameter names/values in official_example are documented. Additional sampling controls originate from workbook or live probes; not an exhaustive required/optional contract.,True,stock,"{""success"": 11}",11,See coverage requests; HTTP success does not prove semantic equivalence or optional parameter enforcement.
FMP-026,Company information,Executives API,https://financialmodelingprep.com/api/v3/key-executives/{symbol},https://financialmodelingprep.com/api/v3/key-executives/AAPL,v3,,Mapped from supplied text. Current availability not tested.,https://financialmodelingprep.com/stable/key-executives,https://financialmodelingprep.com/stable/key-executives?symbol=AAPL,https://site.financialmodelingprep.com/developer/docs,official_catalogue_verified_replacement,Replacement selected by matching endpoint purpose; current field compatibility must be checked.,Parameter names/values in official_example are documented. Additional sampling controls originate from workbook or live probes; not an exhaustive required/optional contract.,True,stock,"{""success"": 11}",11,See coverage requests; HTTP success does not prove semantic equivalence or optional parameter enforcement.
FMP-027,Company information,Company Core Information Summary API,https://financialmodelingprep.com/api/v4/company-core-information,https://financialmodelingprep.com/api/v4/company-core-information?symbol=AAPL,v4,"Verify a company's identity or find additional information about a company with our Company Core Information summary endpoint. This endpoint provides core information such as CIK, exchange, and address.",Mapped from supplied text. Current availability not tested.,,,,no_current_replacement_verified,No exact stable equivalent verified; original workbook route will be tested where HTTP sampling is possible.,Parameter names/values in official_example are documented. Additional sampling controls originate from workbook or live probes; not an exhaustive required/optional contract.,True,stock,"{""success"": 11}",11,See coverage requests; HTTP success does not prove semantic equivalence or optional parameter enforcement.
FMP-028,Company information,Market Cap API,https://financialmodelingprep.com/api/v3/market-capitalization/{symbol},https://financialmodelingprep.com/api/v3/market-capitalization/AAPL,v3,The FMP Market Cap endpoint provides the current market capitalization of a company. Market cap is a measure of the size and relative importance of a company in the stock market. It is calculated by multiplying the current share price by the number of outstanding shares.,Mapped from supplied text. Current availability not tested.,https://financialmodelingprep.com/stable/market-capitalization,https://financialmodelingprep.com/stable/market-capitalization?symbol=AAPL,https://site.financialmodelingprep.com/developer/docs,official_catalogue_verified_replacement,Replacement selected by matching endpoint purpose; current field compatibility must be checked.,Parameter names/values in official_example are documented. Additional sampling controls originate from workbook or live probes; not an exhaustive required/optional contract.,True,stock,"{""success"": 11}",11,See coverage requests; HTTP success does not prove semantic equivalence or optional parameter enforcement.
FMP-029,Company information,Historical Market Cap API,https://financialmodelingprep.com/api/v3/historical-market-capitalization/{symbol},https://financialmodelingprep.com/api/v3/historical-market-capitalization/AAPL?limit=100&from=2023-10-10&to=2023-12-10,v3,"The FMP Historical Market Cap endpoint offers comprehensive historical market capitalization data for companies, enabling users to analyze the company's growth trajectory and identify performance trends over time. Please note that each query is limited to a maximum of five years of data.",Mapped from supplied text. Current availability not tested.,https://financialmodelingprep.com/stable/historical-market-capitalization,https://financialmodelingprep.com/stable/historical-market-capitalization?symbol=AAPL,https://site.financialmodelingprep.com/developer/docs,official_catalogue_verified_replacement,Replacement selected by matching endpoint purpose; current field compatibility must be checked.,Parameter names/values in official_example are documented. Additional sampling controls originate from workbook or live probes; not an exhaustive required/optional contract.,True,stock,"{""success"": 11}",11,See coverage requests; HTTP success does not prove semantic equivalence or optional parameter enforcement.
FMP-030,Company information,All Countries API,https://financialmodelingprep.com/api/v3/get-all-countries,https://financialmodelingprep.com/api/v3/get-all-countries,v3,The FMP All Countries endpoint provides a list of all countries where stocks are traded. Investors can use this information to identify new investment opportunities and to diversify their portfolios.,Mapped from supplied text. Current availability not tested.,https://financialmodelingprep.com/stable/available-countries,https://financialmodelingprep.com/stable/available-countries,https://site.financialmodelingprep.com/developer/docs,official_catalogue_verified_replacement,Replacement selected by matching endpoint purpose; current field compatibility must be checked.,Parameter names/values in official_example are documented. Additional sampling controls originate from workbook or live probes; not an exhaustive required/optional contract.,False,alternative_or_marketwide,"{""success"": 1}",0,See coverage requests; HTTP success does not prove semantic equivalence or optional parameter enforcement.
FMP-031,Company information,Analyst Estimates API,https://financialmodelingprep.com/api/v3/analyst-estimates/{symbol},https://financialmodelingprep.com/api/v3/analyst-estimates/AAPL,v3,The FMP Analyst Estimates endpoint provides analyst estimates for a company's future earnings and revenue. Investors can use this information to get a sense of what analysts expect from a company and to identify potential investment opportunities.,Mapped from supplied text. Current availability not tested.,https://financialmodelingprep.com/stable/analyst-estimates,https://financialmodelingprep.com/stable/analyst-estimates?symbol=AAPL&period=annual&page=0&limit=10,https://site.financialmodelingprep.com/developer/docs,official_catalogue_verified_replacement,Replacement selected by matching endpoint purpose; current field compatibility must be checked.,Parameter names/values in official_example are documented. Additional sampling controls originate from workbook or live probes; not an exhaustive required/optional contract.,True,stock,"{""success"": 11}",11,See coverage requests; HTTP success does not prove semantic equivalence or optional parameter enforcement.
FMP-032,Company information,Analyst Recommendation API,https://financialmodelingprep.com/api/v3/analyst-stock-recommendations/{symbol},https://financialmodelingprep.com/api/v3/analyst-stock-recommendations/AAPL,v3,"The FMP Analyst Recommendation endpoint provides analyst recommendations for buying, selling, or holding a company's stock. Investors can use this information to get a sense of what analysts think of a company's stock and to make informed investment decisions.",Mapped from supplied text. Current availability not tested.,,,,no_current_replacement_verified,No exact stable equivalent verified; original workbook route will be tested where HTTP sampling is possible.,Parameter names/values in official_example are documented. Additional sampling controls originate from workbook or live probes; not an exhaustive required/optional contract.,True,stock,"{""success"": 11}",11,See coverage requests; HTTP success does not prove semantic equivalence or optional parameter enforcement.
FMP-033,Company information,Company Logo API,https://financialmodelingprep.com/image-stock/{symbol},https://financialmodelingprep.com/image-stock/EURUSD.png,Image,The FMP Company Logo endpoint provides an image of a company's logo. Investors can use this information to identify a company and to get a sense of its brand.,Mapped from supplied text. Current availability not tested.,https://financialmodelingprep.com/image-stock/{symbol}.png,https://financialmodelingprep.com/image-stock/EURUSD.png,https://site.financialmodelingprep.com/developer/docs/company-image-api,official_legacy_documentation_correction,Official legacy logo example includes .png; workbook omitted extension. Preserve original and test corrected image route.,Parameter names/values in official_example are documented. Additional sampling controls originate from workbook or live probes; not an exhaustive required/optional contract.,True,stock,"{""not_found"": 11, ""success_non_json"": 11}",0,See coverage requests; HTTP success does not prove semantic equivalence or optional parameter enforcement.
FMP-034,Company information,Company Outlook API,https://financialmodelingprep.com/api/v4/company-outlook,https://financialmodelingprep.com/api/v4/company-outlook?symbol=AAPL,v4,"The FMP Company Outlook endpoint provides an overview of a company, including its profile information, most recent insider trading transactions, and financial statements. Investors can use this information to get a comprehensive understanding of a company and to make informed investment decisions.",Mapped from supplied text. Current availability not tested.,,,,no_current_replacement_verified,No exact stable equivalent verified; original workbook route will be tested where HTTP sampling is possible.,Parameter names/values in official_example are documented. Additional sampling controls originate from workbook or live probes; not an exhaustive required/optional contract.,True,stock,"{""success"": 11}",11,See coverage requests; HTTP success does not prove semantic equivalence or optional parameter enforcement.
FMP-035,Company information,Stock Peers API,https://financialmodelingprep.com/api/v4/stock_peers,https://financialmodelingprep.com/api/v4/stock_peers?symbol=AAPL,v4,"The FMP Stock Peers endpoint provides a group of companies that trade on the same exchange, are in the same sector, and have a similar market capitalization. Investors can use this information to compare a company to its competitors and to identify companies that are performing well.",Mapped from supplied text. Current availability not tested.,https://financialmodelingprep.com/stable/stock-peers,https://financialmodelingprep.com/stable/stock-peers?symbol=AAPL,https://site.financialmodelingprep.com/developer/docs,official_catalogue_verified_replacement,Replacement selected by matching endpoint purpose; current field compatibility must be checked.,Parameter names/values in official_example are documented. Additional sampling controls originate from workbook or live probes; not an exhaustive required/optional contract.,True,stock,"{""success"": 11}",11,See coverage requests; HTTP success does not prove semantic equivalence or optional parameter enforcement.
FMP-036,Company information,Holidays and Trading Hours API,https://financialmodelingprep.com/api/v3/is-the-market-open,https://financialmodelingprep.com/api/v3/is-the-market-open?exchange=EURONEXT,v3,"The FMP Market Open endpoint provides information on whether the US market and EURONEXT, etc are open or closed. Investors can use this information to make informed investment decisions and to avoid trading during market closures.",Mapped from supplied text. Current availability not tested.,https://financialmodelingprep.com/stable/exchange-market-hours,https://financialmodelingprep.com/stable/exchange-market-hours?exchange=NASDAQ,https://site.financialmodelingprep.com/developer/docs,official_catalogue_verified_replacement,Exchange market hours; holiday dates are separately documented as holidays-by-exchange.,Parameter names/values in official_example are documented. Additional sampling controls originate from workbook or live probes; not an exhaustive required/optional contract.,False,alternative_or_marketwide,"{""success"": 1}",0,See coverage requests; HTTP success does not prove semantic equivalence or optional parameter enforcement.
FMP-037,Company information,All Exchanges Trading Hours API,https://financialmodelingprep.com/api/v3/is-the-market-open-all,https://financialmodelingprep.com/api/v3/is-the-market-open-all,v3,The FMP Market Open endpoint provides information on whether the US market and all other exchanges are open or closed. Investors can use this information to make informed investment decisions and to avoid trading during market closures.,Mapped from supplied text. Current availability not tested.,https://financialmodelingprep.com/stable/all-exchange-market-hours,https://financialmodelingprep.com/stable/all-exchange-market-hours,https://site.financialmodelingprep.com/developer/docs,official_catalogue_verified_replacement,Replacement selected by matching endpoint purpose; current field compatibility must be checked.,Parameter names/values in official_example are documented. Additional sampling controls originate from workbook or live probes; not an exhaustive required/optional contract.,False,alternative_or_marketwide,"{""success"": 1}",0,See coverage requests; HTTP success does not prove semantic equivalence or optional parameter enforcement.
FMP-038,Company information,Delisted Companies API,https://financialmodelingprep.com/api/v3/delisted-companies,https://financialmodelingprep.com/api/v3/delisted-companies,v3,The FMP Delisted Companies endpoint provides a list of companies that have been delisted from US exchanges. Investors can use this information to avoid trading in delisted stocks and to identify companies that may be in financial trouble.,Mapped from supplied text. Current availability not tested.,https://financialmodelingprep.com/stable/delisted-companies,https://financialmodelingprep.com/stable/delisted-companies?page=0&limit=100,https://site.financialmodelingprep.com/developer/docs,official_catalogue_verified_replacement,Replacement selected by matching endpoint purpose; current field compatibility must be checked.,Parameter names/values in official_example are documented. Additional sampling controls originate from workbook or live probes; not an exhaustive required/optional contract.,False,alternative_or_marketwide,"{""success"": 1}",0,See coverage requests; HTTP success does not prove semantic equivalence or optional parameter enforcement.
FMP-039,Company information,Company Share Float API,https://financialmodelingprep.com/api/v4/shares_float,https://financialmodelingprep.com/api/v4/shares_float?symbol=AAPL,v4,The FMP Company Share Float endpoint provides the total number of shares that are publicly traded for a given company. This is also known as the company's float. The float is calculated by subtracting the number of restricted shares from the total number of outstanding shares.,Mapped from supplied text. Current availability not tested.,https://financialmodelingprep.com/stable/shares-float,https://financialmodelingprep.com/stable/shares-float?symbol=AAPL,https://site.financialmodelingprep.com/developer/docs,official_catalogue_verified_replacement,Replacement selected by matching endpoint purpose; current field compatibility must be checked.,Parameter names/values in official_example are documented. Additional sampling controls originate from workbook or live probes; not an exhaustive required/optional contract.,True,stock,"{""success"": 11}",11,See coverage requests; HTTP success does not prove semantic equivalence or optional parameter enforcement.
FMP-040,Company information,Historical Share Float API,https://financialmodelingprep.com/api/v4/historical/shares_float,https://financialmodelingprep.com/api/v4/historical/shares_float?symbol=AAPL,v4,The FMP Historical Share Float endpoint provides historical data on the number of shares that are publicly traded for a given company. This is also known as the company's float. The float is calculated by subtracting the number of restricted shares from the total number of outstanding shares.,Mapped from supplied text. Current availability not tested.,,,,no_current_replacement_verified,No exact stable equivalent verified; original workbook route will be tested where HTTP sampling is possible.,Parameter names/values in official_example are documented. Additional sampling controls originate from workbook or live probes; not an exhaustive required/optional contract.,True,stock,"{""success"": 11}",11,See coverage requests; HTTP success does not prove semantic equivalence or optional parameter enforcement.
FMP-041,Company information,All Shares Float API,https://financialmodelingprep.com/api/v4/shares_float/all,https://financialmodelingprep.com/api/v4/shares_float/all,v4,"The number of shares available for trading, this includes Restricted Stock Units (RSUs)",Mapped from supplied text. Current availability not tested.,https://financialmodelingprep.com/stable/shares-float-all,https://financialmodelingprep.com/stable/shares-float-all?page=0&limit=1000,https://site.financialmodelingprep.com/developer/docs,official_catalogue_verified_replacement,Replacement selected by matching endpoint purpose; current field compatibility must be checked.,Parameter names/values in official_example are documented. Additional sampling controls originate from workbook or live probes; not an exhaustive required/optional contract.,False,alternative_or_marketwide,"{""success"": 1}",0,See coverage requests; HTTP success does not prove semantic equivalence or optional parameter enforcement.
FMP-042,Company information,All Available Sectors API,https://financialmodelingprep.com/api/v3/sectors-list,https://financialmodelingprep.com/api/v3/sectors-list,v3,The FMP All Available Sectors endpoint provides a list of all sectors available in the FMP database. Investors can use this information to identify sectors of interest and to explore investment opportunities within those sectors.,Mapped from supplied text. Current availability not tested.,https://financialmodelingprep.com/stable/available-sectors,https://financialmodelingprep.com/stable/available-sectors,https://site.financialmodelingprep.com/developer/docs,official_catalogue_verified_replacement,Replacement selected by matching endpoint purpose; current field compatibility must be checked.,Parameter names/values in official_example are documented. Additional sampling controls originate from workbook or live probes; not an exhaustive required/optional contract.,False,alternative_or_marketwide,"{""success"": 1}",0,See coverage requests; HTTP success does not prove semantic equivalence or optional parameter enforcement.
FMP-043,Company information,All Available Industries API,https://financialmodelingprep.com/api/v3/industries-list,https://financialmodelingprep.com/api/v3/industries-list,v3,The FMP All Available Industries endpoint provides a list of all industries available in the FMP database. Investors can use this information to identify industries of interest and to explore investment opportunities within those industries.,Mapped from supplied text. Current availability not tested.,https://financialmodelingprep.com/stable/available-industries,https://financialmodelingprep.com/stable/available-industries,https://site.financialmodelingprep.com/developer/docs,official_catalogue_verified_replacement,Replacement selected by matching endpoint purpose; current field compatibility must be checked.,Parameter names/values in official_example are documented. Additional sampling controls originate from workbook or live probes; not an exhaustive required/optional contract.,False,alternative_or_marketwide,"{""success"": 1}",0,See coverage requests; HTTP success does not prove semantic equivalence or optional parameter enforcement.
FMP-044,Company information,All Available Exchanges API,https://financialmodelingprep.com/api/v3/exchanges-list,https://financialmodelingprep.com/api/v3/exchanges-list,v3,The FMP All Available Exchanges endpoint provides a list of all exchanges available in the FMP database. Investors can use this information to identify exchanges of interest and to explore investment opportunities within those exchanges.,Mapped from supplied text. Current availability not tested.,https://financialmodelingprep.com/stable/available-exchanges,https://financialmodelingprep.com/stable/available-exchanges,https://site.financialmodelingprep.com/developer/docs,official_catalogue_verified_replacement,Replacement selected by matching endpoint purpose; current field compatibility must be checked.,Parameter names/values in official_example are documented. Additional sampling controls originate from workbook or live probes; not an exhaustive required/optional contract.,False,alternative_or_marketwide,"{""success"": 1}",0,See coverage requests; HTTP success does not prove semantic equivalence or optional parameter enforcement.
FMP-045,Quote,Full Quote API,https://financialmodelingprep.com/api/v3/quote/{symbol},https://financialmodelingprep.com/api/v3/quote/AAPL,v3,"This endpoint gives you the latest bid and ask prices for a stock, as well as the volume and last trade price in real time.",Mapped from supplied text. Current availability not tested.,https://financialmodelingprep.com/stable/quote,https://financialmodelingprep.com/stable/quote?symbol=AAPL,https://site.financialmodelingprep.com/developer/docs,official_catalogue_verified_replacement,Replacement selected by matching endpoint purpose; current field compatibility must be checked.,Parameter names/values in official_example are documented. Additional sampling controls originate from workbook or live probes; not an exhaustive required/optional contract.,True,stock,"{""success"": 11}",11,See coverage requests; HTTP success does not prove semantic equivalence or optional parameter enforcement.
FMP-046,Quote,Quote Order API,https://financialmodelingprep.com/api/v3/quote-order/{symbol},https://financialmodelingprep.com/api/v3/quote-order/AAPL,v3,"This endpoint gives you a simplified view of a stock's quote, including the current price, volume, and last trade price.",Mapped from supplied text. Current availability not tested.,,,,no_current_replacement_verified,No exact stable equivalent verified; original workbook route will be tested where HTTP sampling is possible.,Parameter names/values in official_example are documented. Additional sampling controls originate from workbook or live probes; not an exhaustive required/optional contract.,True,stock,"{""success"": 11}",11,See coverage requests; HTTP success does not prove semantic equivalence or optional parameter enforcement.
FMP-047,Quote,Simple Quote API,https://financialmodelingprep.com/api/v3/quote-short/{symbol},https://financialmodelingprep.com/api/v3/quote-short/AAPL,v3,"Get a simple quote for a stock, including the price, change, and volume. This endpoint can be used to get a quick snapshot of a stock's performance or to calculate its valuation.",Mapped from supplied text. Current availability not tested.,https://financialmodelingprep.com/stable/quote-short,https://financialmodelingprep.com/stable/quote-short?symbol=AAPL,https://site.financialmodelingprep.com/developer/docs,official_catalogue_verified_replacement,Replacement selected by matching endpoint purpose; current field compatibility must be checked.,Parameter names/values in official_example are documented. Additional sampling controls originate from workbook or live probes; not an exhaustive required/optional contract.,True,stock,"{""success"": 11}",11,See coverage requests; HTTP success does not prove semantic equivalence or optional parameter enforcement.
FMP-048,Quote,OTC Quote API,https://financialmodelingprep.com/api/v3/otc/real-time-price/{symbol},https://financialmodelingprep.com/api/v3/otc/real-time-price/BATRB,v3,"This endpoint gives you the latest bid and ask prices for an over-the-counter (OTC) stock, as well as the volume and last trade price in real time.",Mapped from supplied text. Current availability not tested.,,,,no_current_replacement_verified,No exact stable equivalent verified; original workbook route will be tested where HTTP sampling is possible.,Parameter names/values in official_example are documented. Additional sampling controls originate from workbook or live probes; not an exhaustive required/optional contract.,False,alternative_or_marketwide,"{""success"": 1}",0,See coverage requests; HTTP success does not prove semantic equivalence or optional parameter enforcement.
FMP-049,Quote,Exchange Prices API,https://financialmodelingprep.com/api/v3/quotes/{exchange},https://financialmodelingprep.com/api/v3/quotes/NYSE,v3,This endpoint provides real-time prices for all stocks listed on a specific exchange.,Mapped from supplied text. Current availability not tested.,https://financialmodelingprep.com/stable/batch-exchange-quote,https://financialmodelingprep.com/stable/batch-exchange-quote?exchange=NASDAQ,https://site.financialmodelingprep.com/developer/docs,official_catalogue_verified_replacement,Replacement selected by matching endpoint purpose; current field compatibility must be checked.,Parameter names/values in official_example are documented. Additional sampling controls originate from workbook or live probes; not an exhaustive required/optional contract.,False,alternative_or_marketwide,"{""restricted"": 1, ""success"": 1}",0,See coverage requests; HTTP success does not prove semantic equivalence or optional parameter enforcement.
FMP-050,Quote,Stock Price Change API,https://financialmodelingprep.com/api/v3/stock-price-change/{symbol},https://financialmodelingprep.com/api/v3/stock-price-change/AAPL,v3,This endpoint gives you the change in a stock's price over a given period of time.,Mapped from supplied text. Current availability not tested.,https://financialmodelingprep.com/stable/stock-price-change,https://financialmodelingprep.com/stable/stock-price-change?symbol=AAPL,https://site.financialmodelingprep.com/developer/docs,official_catalogue_verified_replacement,Replacement selected by matching endpoint purpose; current field compatibility must be checked.,Parameter names/values in official_example are documented. Additional sampling controls originate from workbook or live probes; not an exhaustive required/optional contract.,True,stock,"{""success"": 11}",11,See coverage requests; HTTP success does not prove semantic equivalence or optional parameter enforcement.
FMP-051,Quote,Aftermarket Trade API,https://financialmodelingprep.com/api/v4/pre-post-market-trade/{symbol},https://financialmodelingprep.com/api/v4/pre-post-market-trade/AAPL,v4,This endpoint gives you information on trades that have occurred in the aftermarket.,Mapped from supplied text. Current availability not tested.,https://financialmodelingprep.com/stable/aftermarket-trade,https://financialmodelingprep.com/stable/aftermarket-trade?symbol=AAPL,https://site.financialmodelingprep.com/developer/docs,official_catalogue_verified_replacement,Replacement selected by matching endpoint purpose; current field compatibility must be checked.,Parameter names/values in official_example are documented. Additional sampling controls originate from workbook or live probes; not an exhaustive required/optional contract.,True,stock,"{""success"": 11}",11,See coverage requests; HTTP success does not prove semantic equivalence or optional parameter enforcement.
FMP-052,Quote,Aftermarket Quote API,https://financialmodelingprep.com/api/v4/pre-post-market/{symbol},https://financialmodelingprep.com/api/v4/pre-post-market/AAPL,v4,This endpoint gives you the latest bid and ask prices for a stock in the aftermarket.,Mapped from supplied text. Current availability not tested.,https://financialmodelingprep.com/stable/aftermarket-quote,https://financialmodelingprep.com/stable/aftermarket-quote?symbol=AAPL,https://site.financialmodelingprep.com/developer/docs,official_catalogue_verified_replacement,Replacement selected by matching endpoint purpose; current field compatibility must be checked.,Parameter names/values in official_example are documented. Additional sampling controls originate from workbook or live probes; not an exhaustive required/optional contract.,True,stock,"{""success"": 11}",11,See coverage requests; HTTP success does not prove semantic equivalence or optional parameter enforcement.
FMP-053,Quote,Batch Quote API,https://financialmodelingprep.com/api/v4/batch-pre-post-market/{symbol},https://financialmodelingprep.com/api/v4/batch-pre-post-market/AAPL,v4,This endpoint gives you quotes for multiple stocks at once.,Mapped from supplied text. Current availability not tested.,https://financialmodelingprep.com/stable/batch-aftermarket-quote,https://financialmodelingprep.com/stable/batch-aftermarket-quote?symbols=AAPL,https://site.financialmodelingprep.com/developer/docs,official_catalogue_verified_replacement,Replacement selected by matching endpoint purpose; current field compatibility must be checked.,Parameter names/values in official_example are documented. Additional sampling controls originate from workbook or live probes; not an exhaustive required/optional contract.,True,stock,"{""restricted"": 11, ""success"": 11}",11,See coverage requests; HTTP success does not prove semantic equivalence or optional parameter enforcement.
FMP-054,Quote,Batch Trade API,https://financialmodelingprep.com/api/v4/batch-pre-post-market-trade/{symbol},https://financialmodelingprep.com/api/v4/batch-pre-post-market-trade/AAPL,v4,This endpoint gives you trades for multiple stocks at once.,Mapped from supplied text. Current availability not tested.,https://financialmodelingprep.com/stable/batch-aftermarket-trade,https://financialmodelingprep.com/stable/batch-aftermarket-trade?symbols=AAPL,https://site.financialmodelingprep.com/developer/docs,official_catalogue_verified_replacement,Replacement selected by matching endpoint purpose; current field compatibility must be checked.,Parameter names/values in official_example are documented. Additional sampling controls originate from workbook or live probes; not an exhaustive required/optional contract.,True,stock,"{""restricted"": 11, ""success"": 11}",11,See coverage requests; HTTP success does not prove semantic equivalence or optional parameter enforcement.
FMP-055,Quote,Last Forex API,https://financialmodelingprep.com/api/v4/forex/last/{symbol},https://financialmodelingprep.com/api/v4/forex/last/EURUSD,v4,This endpoint gives you the latest price for a currency pair.,Mapped from supplied text. Current availability not tested.,,,,no_current_replacement_verified,No exact stable equivalent verified; original workbook route will be tested where HTTP sampling is possible.,Parameter names/values in official_example are documented. Additional sampling controls originate from workbook or live probes; not an exhaustive required/optional contract.,False,alternative_or_marketwide,"{""success"": 1}",0,See coverage requests; HTTP success does not prove semantic equivalence or optional parameter enforcement.
FMP-056,Quote,Last Crypto API,https://financialmodelingprep.com/api/v4/crypto/last/{symbol},https://financialmodelingprep.com/api/v4/crypto/last/BTCUSD,v4,This endpoint gives you the latest price for a cryptocurrency.,Mapped from supplied text. Current availability not tested.,,,,no_current_replacement_verified,No exact stable equivalent verified; original workbook route will be tested where HTTP sampling is possible.,Parameter names/values in official_example are documented. Additional sampling controls originate from workbook or live probes; not an exhaustive required/optional contract.,False,alternative_or_marketwide,"{""success"": 1}",0,See coverage requests; HTTP success does not prove semantic equivalence or optional parameter enforcement.
FMP-057,Quote,Live Full Price w/ Orders API,https://financialmodelingprep.com/api/v3/stock/full/real-time-price/{symbol},https://financialmodelingprep.com/api/v3/stock/full/real-time-price/AAPL,v3,"This endpoint gives you the latest bid and ask prices for a stock, as well as the volume and last trade price, in real time.",Mapped from supplied text. Current availability not tested.,,,,no_current_replacement_verified,No exact stable equivalent verified; original workbook route will be tested where HTTP sampling is possible.,Parameter names/values in official_example are documented. Additional sampling controls originate from workbook or live probes; not an exhaustive required/optional contract.,True,stock,"{""success"": 11}",11,See coverage requests; HTTP success does not prove semantic equivalence or optional parameter enforcement.
FMP-058,Quote,All Live Full Price w/ Orders API,https://financialmodelingprep.com/api/v3/stock/full/real-time-price,https://financialmodelingprep.com/api/v3/stock/full/real-time-price,v3,This endpoint gives you a list of all real-time full stock prices.,Mapped from supplied text. Current availability not tested.,,,,no_current_replacement_verified,No exact stable equivalent verified; original workbook route will be tested where HTTP sampling is possible.,Parameter names/values in official_example are documented. Additional sampling controls originate from workbook or live probes; not an exhaustive required/optional contract.,False,alternative_or_marketwide,"{""bounded_download"": 1}",0,See coverage requests; HTTP success does not prove semantic equivalence or optional parameter enforcement.
FMP-059,Quote,Forex Prices API,https://financialmodelingprep.com/api/v3/fx/{symbol},https://financialmodelingprep.com/api/v3/fx/EURUSD,v3,This endpoint gives you the latest bid and ask prices for a currency pair.,Mapped from supplied text. Current availability not tested.,,,,no_current_replacement_verified,No exact stable equivalent verified; original workbook route will be tested where HTTP sampling is possible.,Parameter names/values in official_example are documented. Additional sampling controls originate from workbook or live probes; not an exhaustive required/optional contract.,False,alternative_or_marketwide,"{""success"": 1}",0,See coverage requests; HTTP success does not prove semantic equivalence or optional parameter enforcement.
FMP-060,Quote,All Forex Prices API,https://financialmodelingprep.com/api/v3/fx,https://financialmodelingprep.com/api/v3/fx,v3,This endpoint gives you a list of all foreign exchange (FX) prices.,Mapped from supplied text. Current availability not tested.,,,,no_current_replacement_verified,No exact stable equivalent verified; original workbook route will be tested where HTTP sampling is possible.,Parameter names/values in official_example are documented. Additional sampling controls originate from workbook or live probes; not an exhaustive required/optional contract.,False,alternative_or_marketwide,"{""success"": 1}",0,See coverage requests; HTTP success does not prove semantic equivalence or optional parameter enforcement.
FMP-061,Financial Statements,Income Statements API,https://financialmodelingprep.com/api/v3/income-statement/{symbol},https://financialmodelingprep.com/api/v3/income-statement/AAPL?period=annual,v3,"FMP's Income Statement API provides access to real-time income statement data for a wide range of companies, including public companies, private companies, and ETFs. This data can be used to track a company's profitability over time, to compare a company to its competitors, and to identify trends in a company's business.",Mapped from supplied text. Current availability not tested.,https://financialmodelingprep.com/stable/income-statement,https://financialmodelingprep.com/stable/income-statement?symbol=AAPL,https://site.financialmodelingprep.com/developer/docs,official_catalogue_verified_replacement,Replacement selected by matching endpoint purpose; current field compatibility must be checked.,Parameter names/values in official_example are documented. Additional sampling controls originate from workbook or live probes; not an exhaustive required/optional contract.,True,stock,"{""success"": 22}",11,See coverage requests; HTTP success does not prove semantic equivalence or optional parameter enforcement.
FMP-062,Financial Statements,Income Statements API,https://financialmodelingprep.com/api/v3/income-statement/{cik_or_cusip},https://financialmodelingprep.com/api/v3/income-statement/0000320193?period=annual,v3,"FMP's Income Statement API provides access to real-time income statement data for a wide range of companies, including public companies, private companies, and ETFs. This data can be used to track a company's profitability over time, to compare a company to its competitors, and to identify trends in a company's business.",Mapped from supplied text. Current availability not tested.,https://financialmodelingprep.com/stable/income-statement,https://financialmodelingprep.com/stable/income-statement?symbol=AAPL,https://site.financialmodelingprep.com/developer/docs,official_catalogue_verified_replacement,Original CIK/CUSIP route replaced with a symbol-resolved request; no assertion of native CIK/CUSIP statement support.,Parameter names/values in official_example are documented. Additional sampling controls originate from workbook or live probes; not an exhaustive required/optional contract.,True,stock,"{""success"": 22}",11,See coverage requests; HTTP success does not prove semantic equivalence or optional parameter enforcement.
FMP-063,Financial Statements,Balance Sheet Statements API,https://financialmodelingprep.com/api/v3/balance-sheet-statement/{symbol},https://financialmodelingprep.com/api/v3/balance-sheet-statement/AAPL?period=annual,v3,"The balance sheet is a financial statement that displays a company’s total assets, liabilities, and shareholder equity over a specific timeframe (quarterly or yearly). Investors can use this statement to determine if the company can fund its operations, meet its debt obligations, and pay a dividend.",Mapped from supplied text. Current availability not tested.,https://financialmodelingprep.com/stable/balance-sheet-statement,https://financialmodelingprep.com/stable/balance-sheet-statement?symbol=AAPL,https://site.financialmodelingprep.com/developer/docs,official_catalogue_verified_replacement,Replacement selected by matching endpoint purpose; current field compatibility must be checked.,Parameter names/values in official_example are documented. Additional sampling controls originate from workbook or live probes; not an exhaustive required/optional contract.,True,stock,"{""success"": 22}",11,See coverage requests; HTTP success does not prove semantic equivalence or optional parameter enforcement.
FMP-064,Financial Statements,Balance Sheet Statements API,https://financialmodelingprep.com/api/v3/balance-sheet-statement/{cik_or_cusip},https://financialmodelingprep.com/api/v3/balance-sheet-statement/0000320193?period=annual,v3,"The balance sheet is a financial statement that displays a company’s total assets, liabilities, and shareholder equity over a specific timeframe (quarterly or yearly). Investors can use this statement to determine if the company can fund its operations, meet its debt obligations, and pay a dividend.",Mapped from supplied text. Current availability not tested.,https://financialmodelingprep.com/stable/balance-sheet-statement,https://financialmodelingprep.com/stable/balance-sheet-statement?symbol=AAPL,https://site.financialmodelingprep.com/developer/docs,official_catalogue_verified_replacement,Original CIK/CUSIP route replaced with a symbol-resolved request.,Parameter names/values in official_example are documented. Additional sampling controls originate from workbook or live probes; not an exhaustive required/optional contract.,True,stock,"{""success"": 22}",11,See coverage requests; HTTP success does not prove semantic equivalence or optional parameter enforcement.
FMP-065,Financial Statements,Cashflow Statements API,https://financialmodelingprep.com/api/v3/cash-flow-statement/{symbol},https://financialmodelingprep.com/api/v3/cash-flow-statement/AAPL?period=annual,v3,"The cash flow statement is a financial statement that highlights how cash moves through the company, including both cash inflows and outflows. This statement shows the cash flows in 3 main categories “Operating Cash Flows”, “Investing Cash Flows”, and “Financing Cash Flows”, which help investors to understand if the company is making money or losing money by conducting business.",Mapped from supplied text. Current availability not tested.,https://financialmodelingprep.com/stable/cash-flow-statement,https://financialmodelingprep.com/stable/cash-flow-statement?symbol=AAPL,https://site.financialmodelingprep.com/developer/docs,official_catalogue_verified_replacement,Replacement selected by matching endpoint purpose; current field compatibility must be checked.,Parameter names/values in official_example are documented. Additional sampling controls originate from workbook or live probes; not an exhaustive required/optional contract.,True,stock,"{""success"": 22}",11,See coverage requests; HTTP success does not prove semantic equivalence or optional parameter enforcement.
FMP-066,Financial Statements,Cashflow Statements API,https://financialmodelingprep.com/api/v3/cash-flow-statement/{cik_or_cusip},https://financialmodelingprep.com/api/v3/cash-flow-statement/0000320193?period=annual,v3,"The cash flow statement is a financial statement that highlights how cash moves through the company, including both cash inflows and outflows. This statement shows the cash flows in 3 main categories “Operating Cash Flows”, “Investing Cash Flows”, and “Financing Cash Flows”, which help investors to understand if the company is making money or losing money by conducting business.",Mapped from supplied text. Current availability not tested.,https://financialmodelingprep.com/stable/cash-flow-statement,https://financialmodelingprep.com/stable/cash-flow-statement?symbol=AAPL,https://site.financialmodelingprep.com/developer/docs,official_catalogue_verified_replacement,Original CIK/CUSIP route replaced with a symbol-resolved request.,Parameter names/values in official_example are documented. Additional sampling controls originate from workbook or live probes; not an exhaustive required/optional contract.,True,stock,"{""success"": 22}",11,See coverage requests; HTTP success does not prove semantic equivalence or optional parameter enforcement.
FMP-067,Financial Statements,Income Statements As Reported API,https://financialmodelingprep.com/api/v3/income-statement-as-reported/{symbol},https://financialmodelingprep.com/api/v3/income-statement-as-reported/AAPL?period=annual&limit=50,v3,"Get the income statement for a company as reported by the company, without any adjustments. This endpoint provides a complete and accurate picture of a company's financial performance over a period of time.",Mapped from supplied text. Current availability not tested.,https://financialmodelingprep.com/stable/income-statement-as-reported,https://financialmodelingprep.com/stable/income-statement-as-reported?symbol=AAPL,https://site.financialmodelingprep.com/developer/docs,official_catalogue_verified_replacement,Replacement selected by matching endpoint purpose; current field compatibility must be checked.,Parameter names/values in official_example are documented. Additional sampling controls originate from workbook or live probes; not an exhaustive required/optional contract.,True,stock,"{""success"": 22}",11,See coverage requests; HTTP success does not prove semantic equivalence or optional parameter enforcement.
FMP-068,Financial Statements,Balance Sheet Statements As Reported API,https://financialmodelingprep.com/api/v3/balance-sheet-statement-as-reported/{symbol},https://financialmodelingprep.com/api/v3/balance-sheet-statement-as-reported/AAPL?period=annual&limit=50,v3,"Get the balance sheet for a company as reported by the company, without any adjustments. This endpoint can be used to assess a company's financial health and to identify potential risks.",Mapped from supplied text. Current availability not tested.,https://financialmodelingprep.com/stable/balance-sheet-statement-as-reported,https://financialmodelingprep.com/stable/balance-sheet-statement-as-reported?symbol=AAPL,https://site.financialmodelingprep.com/developer/docs,official_catalogue_verified_replacement,Replacement selected by matching endpoint purpose; current field compatibility must be checked.,Parameter names/values in official_example are documented. Additional sampling controls originate from workbook or live probes; not an exhaustive required/optional contract.,True,stock,"{""success"": 22}",11,See coverage requests; HTTP success does not prove semantic equivalence or optional parameter enforcement.
FMP-069,Financial Statements,Cashflow Statements As Reported API,https://financialmodelingprep.com/api/v3/cash-flow-statement-as-reported/{symbol},https://financialmodelingprep.com/api/v3/cash-flow-statement-as-reported/AAPL?period=annual&limit=50,v3,"Get the cash flow statement for a company as reported by the company, without any adjustments. This endpoint can be used to assess a company's cash flow generating ability and to identify potential risks.",Mapped from supplied text. Current availability not tested.,https://financialmodelingprep.com/stable/cash-flow-statement-as-reported,https://financialmodelingprep.com/stable/cash-flow-statement-as-reported?symbol=AAPL,https://site.financialmodelingprep.com/developer/docs,official_catalogue_verified_replacement,Replacement selected by matching endpoint purpose; current field compatibility must be checked.,Parameter names/values in official_example are documented. Additional sampling controls originate from workbook or live probes; not an exhaustive required/optional contract.,True,stock,"{""success"": 22}",11,See coverage requests; HTTP success does not prove semantic equivalence or optional parameter enforcement.
FMP-070,Financial Statements,Full Financial Statements As Reported API,https://financialmodelingprep.com/api/v3/financial-statement-full-as-reported/{symbol},https://financialmodelingprep.com/api/v3/financial-statement-full-as-reported/AAPL?period=annual&limit=50,v3,"FMP's Full Financial Statement As Reported API provides access to all three of the financial statements (income statement, balance sheet, and cash flow statement) for a company as reported by the company. This data can be used to get a complete overview of a company's financial performance and health.",Mapped from supplied text. Current availability not tested.,https://financialmodelingprep.com/stable/financial-statement-full-as-reported,https://financialmodelingprep.com/stable/financial-statement-full-as-reported?symbol=AAPL,https://site.financialmodelingprep.com/developer/docs,official_catalogue_verified_replacement,Replacement selected by matching endpoint purpose; current field compatibility must be checked.,Parameter names/values in official_example are documented. Additional sampling controls originate from workbook or live probes; not an exhaustive required/optional contract.,True,stock,"{""success"": 11}",11,See coverage requests; HTTP success does not prove semantic equivalence or optional parameter enforcement.
FMP-071,Financial Statements,List of dates and Links API,https://financialmodelingprep.com/api/v4/financial-reports-dates,https://financialmodelingprep.com/api/v4/financial-reports-dates?symbol=AAPL,v4,FMP's List Of Dates API provides a list of all the dates for which financial statements are available for a company. This information can be used to identify the dates for which financial statements are available and to track a company's financial performance over time.,Mapped from supplied text. Current availability not tested.,https://financialmodelingprep.com/stable/financial-reports-dates,https://financialmodelingprep.com/stable/financial-reports-dates?symbol=AAPL,https://site.financialmodelingprep.com/developer/docs,official_catalogue_verified_replacement,Replacement selected by matching endpoint purpose; current field compatibility must be checked.,Parameter names/values in official_example are documented. Additional sampling controls originate from workbook or live probes; not an exhaustive required/optional contract.,True,stock,"{""success"": 11}",11,See coverage requests; HTTP success does not prove semantic equivalence or optional parameter enforcement.
FMP-072,Financial Statements,Annual Reports on Form 10-K API,https://financialmodelingprep.com/api/v4/financial-reports-json,https://financialmodelingprep.com/api/v4/financial-reports-json?symbol=AAPL&year=2020&period=FY,v4,"FMP's Annual Reports On Form 10-K API provides access to the annual reports on Form 10-K for a company. Form 10-K is an annual report that public companies in the United States are required to file with the Securities and Exchange Commission (SEC). This information can be used to access a wealth of information about a company, including its financial performance, its business operations, and its risk factors.",Mapped from supplied text. Current availability not tested.,https://financialmodelingprep.com/stable/financial-reports-json,https://financialmodelingprep.com/stable/financial-reports-json?symbol=AAPL&year=2022&period=FY,https://site.financialmodelingprep.com/developer/docs,official_catalogue_verified_replacement,Replacement selected by matching endpoint purpose; current field compatibility must be checked.,Parameter names/values in official_example are documented. Additional sampling controls originate from workbook or live probes; not an exhaustive required/optional contract.,True,stock,"{""bounded_download"": 2, ""success"": 9}",9,See coverage requests; HTTP success does not prove semantic equivalence or optional parameter enforcement.
FMP-073,Financial Statements,Annual Reports on Form 10-K API,https://financialmodelingprep.com/api/v4/financial-reports-xlsx,https://financialmodelingprep.com/api/v4/financial-reports-xlsx?symbol=AAPL&year=2020&period=FY,v4,"FMP's Annual Reports On Form 10-K API provides access to the annual reports on Form 10-K for a company. Form 10-K is an annual report that public companies in the United States are required to file with the Securities and Exchange Commission (SEC). This information can be used to access a wealth of information about a company, including its financial performance, its business operations, and its risk factors.",Mapped from supplied text. Current availability not tested.,https://financialmodelingprep.com/stable/financial-reports-xlsx,https://financialmodelingprep.com/stable/financial-reports-xlsx?symbol=AAPL&year=2022&period=FY,https://site.financialmodelingprep.com/developer/docs,official_catalogue_verified_replacement,Replacement selected by matching endpoint purpose; current field compatibility must be checked.,Parameter names/values in official_example are documented. Additional sampling controls originate from workbook or live probes; not an exhaustive required/optional contract.,True,stock,"{""bounded_download"": 7, ""success_non_json"": 4}",0,See coverage requests; HTTP success does not prove semantic equivalence or optional parameter enforcement.
FMP-074,Statement Analysis,Key Metrics API,https://financialmodelingprep.com/api/v3/key-metrics/{symbol},https://financialmodelingprep.com/api/v3/key-metrics/AAPL?period=annual,v3,"Get key financial metrics for a company, including revenue, net income, and price-to-earnings ratio (P/E ratio). Assess a company's financial performance and compare it to its competitors.",Mapped from supplied text. Current availability not tested.,https://financialmodelingprep.com/stable/key-metrics,https://financialmodelingprep.com/stable/key-metrics?symbol=AAPL,https://site.financialmodelingprep.com/developer/docs,official_catalogue_verified_replacement,Replacement selected by matching endpoint purpose; current field compatibility must be checked.,Parameter names/values in official_example are documented. Additional sampling controls originate from workbook or live probes; not an exhaustive required/optional contract.,True,stock,"{""restricted"": 11, ""success"": 22}",11,See coverage requests; HTTP success does not prove semantic equivalence or optional parameter enforcement.
FMP-075,Statement Analysis,Key Metrics TTM API,https://financialmodelingprep.com/api/v3/key-metrics-ttm/{symbol},https://financialmodelingprep.com/api/v3/key-metrics-ttm/AAPL,v3,"Get key financial metrics for a company, including revenue, net income, and P/E ratio, for the trailing twelve months (TTM). Get a more up-to-date view of a company's financial performance.",Mapped from supplied text. Current availability not tested.,https://financialmodelingprep.com/stable/key-metrics-ttm,https://financialmodelingprep.com/stable/key-metrics-ttm?symbol=AAPL,https://site.financialmodelingprep.com/developer/docs,official_catalogue_verified_replacement,Replacement selected by matching endpoint purpose; current field compatibility must be checked.,Parameter names/values in official_example are documented. Additional sampling controls originate from workbook or live probes; not an exhaustive required/optional contract.,True,stock,"{""success"": 11}",11,See coverage requests; HTTP success does not prove semantic equivalence or optional parameter enforcement.
FMP-076,Statement Analysis,Ratios API,https://financialmodelingprep.com/api/v3/ratios/{symbol},https://financialmodelingprep.com/api/v3/ratios/AAPL?period=quarter,v3,"Get financial ratios for a company, such as the P/B ratio and the ROE. Assess a company's financial health and compare it to its competitors.",Mapped from supplied text. Current availability not tested.,https://financialmodelingprep.com/stable/ratios,https://financialmodelingprep.com/stable/ratios?symbol=AAPL,https://site.financialmodelingprep.com/developer/docs,official_catalogue_verified_replacement,Replacement selected by matching endpoint purpose; current field compatibility must be checked.,Parameter names/values in official_example are documented. Additional sampling controls originate from workbook or live probes; not an exhaustive required/optional contract.,True,stock,"{""restricted"": 11, ""success"": 22}",11,See coverage requests; HTTP success does not prove semantic equivalence or optional parameter enforcement.
FMP-077,Statement Analysis,Ratios TTM API,https://financialmodelingprep.com/api/v3/ratios-ttm/{symbol},https://financialmodelingprep.com/api/v3/ratios-ttm/AAPL,v3,"Get financial ratios for a company, such as the P/B ratio and the ROE, for the trailing twelve months (TTM). Get a more up-to-date view of a company's financial health.",Mapped from supplied text. Current availability not tested.,https://financialmodelingprep.com/stable/ratios-ttm,https://financialmodelingprep.com/stable/ratios-ttm?symbol=AAPL,https://site.financialmodelingprep.com/developer/docs,official_catalogue_verified_replacement,Replacement selected by matching endpoint purpose; current field compatibility must be checked.,Parameter names/values in official_example are documented. Additional sampling controls originate from workbook or live probes; not an exhaustive required/optional contract.,True,stock,"{""success"": 11}",11,See coverage requests; HTTP success does not prove semantic equivalence or optional parameter enforcement.
FMP-078,Statement Analysis,Cashflow Growth API,https://financialmodelingprep.com/api/v3/cash-flow-statement-growth/{symbol},https://financialmodelingprep.com/api/v3/cash-flow-statement-growth/AAPL?period=annual,v3,Get the cash flow growth rate for a company. Measure how quickly a company's cash flow is growing.,Mapped from supplied text. Current availability not tested.,https://financialmodelingprep.com/stable/cash-flow-statement-growth,https://financialmodelingprep.com/stable/cash-flow-statement-growth?symbol=AAPL,https://site.financialmodelingprep.com/developer/docs,official_catalogue_verified_replacement,Replacement selected by matching endpoint purpose; current field compatibility must be checked.,Parameter names/values in official_example are documented. Additional sampling controls originate from workbook or live probes; not an exhaustive required/optional contract.,True,stock,"{""success"": 22}",11,See coverage requests; HTTP success does not prove semantic equivalence or optional parameter enforcement.
FMP-079,Statement Analysis,Income Growth API,https://financialmodelingprep.com/api/v3/income-statement-growth/{symbol},https://financialmodelingprep.com/api/v3/income-statement-growth/AAPL?period=annual,v3,Get the income growth rate for a company. Measure how quickly a company's income is growing.,Mapped from supplied text. Current availability not tested.,https://financialmodelingprep.com/stable/income-statement-growth,https://financialmodelingprep.com/stable/income-statement-growth?symbol=AAPL,https://site.financialmodelingprep.com/developer/docs,official_catalogue_verified_replacement,Replacement selected by matching endpoint purpose; current field compatibility must be checked.,Parameter names/values in official_example are documented. Additional sampling controls originate from workbook or live probes; not an exhaustive required/optional contract.,True,stock,"{""success"": 22}",11,See coverage requests; HTTP success does not prove semantic equivalence or optional parameter enforcement.
FMP-080,Statement Analysis,Balance Sheet Growth API,https://financialmodelingprep.com/api/v3/balance-sheet-statement-growth/{symbol},https://financialmodelingprep.com/api/v3/balance-sheet-statement-growth/AAPL?period=annual,v3,Get the balance sheet growth rate for a company. Measure how quickly a company's assets and liabilities are growing.,Mapped from supplied text. Current availability not tested.,https://financialmodelingprep.com/stable/balance-sheet-statement-growth,https://financialmodelingprep.com/stable/balance-sheet-statement-growth?symbol=AAPL,https://site.financialmodelingprep.com/developer/docs,official_catalogue_verified_replacement,Replacement selected by matching endpoint purpose; current field compatibility must be checked.,Parameter names/values in official_example are documented. Additional sampling controls originate from workbook or live probes; not an exhaustive required/optional contract.,True,stock,"{""success"": 22}",11,See coverage requests; HTTP success does not prove semantic equivalence or optional parameter enforcement.
FMP-081,Statement Analysis,Financial Growth API,https://financialmodelingprep.com/api/v3/financial-growth/{symbol},https://financialmodelingprep.com/api/v3/financial-growth/AAPL?period=annual,v3,Financial Growth Get the financial growth rate for a company. Measure how quickly a company's overall financial performance is improving.,Mapped from supplied text. Current availability not tested.,https://financialmodelingprep.com/stable/financial-growth,https://financialmodelingprep.com/stable/financial-growth?symbol=AAPL,https://site.financialmodelingprep.com/developer/docs,official_catalogue_verified_replacement,Replacement selected by matching endpoint purpose; current field compatibility must be checked.,Parameter names/values in official_example are documented. Additional sampling controls originate from workbook or live probes; not an exhaustive required/optional contract.,True,stock,"{""success"": 22}",11,See coverage requests; HTTP success does not prove semantic equivalence or optional parameter enforcement.
FMP-082,Statement Analysis,Financial Score API,https://financialmodelingprep.com/api/v4/score,https://financialmodelingprep.com/api/v4/score?symbol=AAPL,v4,"Get a financial score for a company, which is a measure of its overall financial health.",Mapped from supplied text. Current availability not tested.,https://financialmodelingprep.com/stable/financial-scores,https://financialmodelingprep.com/stable/financial-scores?symbol=AAPL,https://site.financialmodelingprep.com/developer/docs,official_catalogue_verified_replacement,Replacement selected by matching endpoint purpose; current field compatibility must be checked.,Parameter names/values in official_example are documented. Additional sampling controls originate from workbook or live probes; not an exhaustive required/optional contract.,True,stock,"{""success"": 11}",11,See coverage requests; HTTP success does not prove semantic equivalence or optional parameter enforcement.
FMP-083,Statement Analysis,Owner Earnings API,https://financialmodelingprep.com/api/v4/owner_earnings,https://financialmodelingprep.com/api/v4/owner_earnings?symbol=AAPL,v4,"Get the owner earnings for a company, which is a measure of its profitability after accounting for all expenses, including taxes and debt payments. Assess a company's true profitability and compare it to its competitors.",Mapped from supplied text. Current availability not tested.,https://financialmodelingprep.com/stable/owner-earnings,https://financialmodelingprep.com/stable/owner-earnings?symbol=AAPL,https://site.financialmodelingprep.com/developer/docs,official_catalogue_verified_replacement,Replacement selected by matching endpoint purpose; current field compatibility must be checked.,Parameter names/values in official_example are documented. Additional sampling controls originate from workbook or live probes; not an exhaustive required/optional contract.,True,stock,"{""success"": 11}",11,See coverage requests; HTTP success does not prove semantic equivalence or optional parameter enforcement.
FMP-084,Statement Analysis,Enterprise Values API,https://financialmodelingprep.com/api/v3/enterprise-values/{symbol}/,https://financialmodelingprep.com/api/v3/enterprise-values/AAPL/?period=quarter,v3,"Get the enterprise value of a company, which is the total value of a company, including its equity and debt. Assess a company's overall value and compare it to its peers.",Mapped from supplied text. Current availability not tested.,https://financialmodelingprep.com/stable/enterprise-values,https://financialmodelingprep.com/stable/enterprise-values?symbol=AAPL,https://site.financialmodelingprep.com/developer/docs,official_catalogue_verified_replacement,Replacement selected by matching endpoint purpose; current field compatibility must be checked.,Parameter names/values in official_example are documented. Additional sampling controls originate from workbook or live probes; not an exhaustive required/optional contract.,True,stock,"{""success"": 22}",11,See coverage requests; HTTP success does not prove semantic equivalence or optional parameter enforcement.
FMP-085,Valuation,Discounted Cashflow API,https://financialmodelingprep.com/api/v3/discounted-cash-flow/{symbol},https://financialmodelingprep.com/api/v3/discounted-cash-flow/AAPL,v3,"Get the discounted cash flow (DCF) valuation for a company, a method to estimate the value of an investment based on its expected future cash flows.",Mapped from supplied text. Current availability not tested.,https://financialmodelingprep.com/stable/discounted-cash-flow,https://financialmodelingprep.com/stable/discounted-cash-flow?symbol=AAPL,https://site.financialmodelingprep.com/developer/docs,official_catalogue_verified_replacement,Replacement selected by matching endpoint purpose; current field compatibility must be checked.,Parameter names/values in official_example are documented. Additional sampling controls originate from workbook or live probes; not an exhaustive required/optional contract.,True,stock,"{""success"": 11}",11,See coverage requests; HTTP success does not prove semantic equivalence or optional parameter enforcement.
FMP-086,Valuation,Advanced DCF API,https://financialmodelingprep.com/api/v4/advanced_discounted_cash_flow,https://financialmodelingprep.com/api/v4/advanced_discounted_cash_flow?symbol=AAPL,v4,Calculate the DCF valuation for a company with advanced features like modeling multiple scenarios and using different valuation methods.,Mapped from supplied text. Current availability not tested.,https://financialmodelingprep.com/stable/custom-discounted-cash-flow,https://financialmodelingprep.com/stable/custom-discounted-cash-flow?symbol=AAPL,https://site.financialmodelingprep.com/developer/docs,official_catalogue_verified_replacement,Replacement selected by matching endpoint purpose; current field compatibility must be checked.,Parameter names/values in official_example are documented. Additional sampling controls originate from workbook or live probes; not an exhaustive required/optional contract.,True,stock,"{""success"": 11}",11,See coverage requests; HTTP success does not prove semantic equivalence or optional parameter enforcement.
FMP-087,Valuation,Levered DCF API,https://financialmodelingprep.com/api/v4/advanced_levered_discounted_cash_flow,https://financialmodelingprep.com/api/v4/advanced_levered_discounted_cash_flow?symbol=AAPL,v4,"Get the DCF valuation for a company, taking into account its debt levels.",Mapped from supplied text. Current availability not tested.,https://financialmodelingprep.com/stable/custom-levered-discounted-cash-flow,https://financialmodelingprep.com/stable/custom-levered-discounted-cash-flow?symbol=AAPL,https://site.financialmodelingprep.com/developer/docs,official_catalogue_verified_replacement,Replacement selected by matching endpoint purpose; current field compatibility must be checked.,Parameter names/values in official_example are documented. Additional sampling controls originate from workbook or live probes; not an exhaustive required/optional contract.,True,stock,"{""success"": 11}",11,See coverage requests; HTTP success does not prove semantic equivalence or optional parameter enforcement.
FMP-088,Valuation,Company Rating API,https://financialmodelingprep.com/api/v3/rating/{symbol},https://financialmodelingprep.com/api/v3/rating/AAPL,v3,"The FMP Company Rating endpoint provides a rating of a company based on its financial statements, discounted cash flow analysis, financial ratios, and intrinsic value. Investors can use this rating to get a quick overview of a company's financial health and to compare different companies.",Mapped from supplied text. Current availability not tested.,https://financialmodelingprep.com/stable/ratings-snapshot,https://financialmodelingprep.com/stable/ratings-snapshot?symbol=AAPL,https://site.financialmodelingprep.com/developer/docs,official_catalogue_verified_replacement,Replacement selected by matching endpoint purpose; current field compatibility must be checked.,Parameter names/values in official_example are documented. Additional sampling controls originate from workbook or live probes; not an exhaustive required/optional contract.,True,stock,"{""success"": 11}",11,See coverage requests; HTTP success does not prove semantic equivalence or optional parameter enforcement.
FMP-089,Valuation,Historical Rating API,https://financialmodelingprep.com/api/v3/historical-rating/{symbol},https://financialmodelingprep.com/api/v3/historical-rating/AAPL,v3,The FMP Historical Rating endpoint provides the historical rating of a company. Investors can use this information to track the changes in a company's rating over time and to identify trends in its performance.,Mapped from supplied text. Current availability not tested.,https://financialmodelingprep.com/stable/ratings-historical,https://financialmodelingprep.com/stable/ratings-historical?symbol=AAPL,https://site.financialmodelingprep.com/developer/docs,official_catalogue_verified_replacement,Replacement selected by matching endpoint purpose; current field compatibility must be checked.,Parameter names/values in official_example are documented. Additional sampling controls originate from workbook or live probes; not an exhaustive required/optional contract.,True,stock,"{""success"": 11}",11,See coverage requests; HTTP success does not prove semantic equivalence or optional parameter enforcement.
FMP-090,Price Target,Price Targets API,https://financialmodelingprep.com/api/v4/price-target,https://financialmodelingprep.com/api/v4/price-target?symbol=AAPL,v4,"Get the price target for a company, which is the price at which an analyst believes the company's stock is fairly valued. Price targets can be used to make investment decisions, such as whether to buy, sell, or hold a stock.",Mapped from supplied text. Current availability not tested.,,,,no_current_replacement_verified,No exact stable equivalent verified; original workbook route will be tested where HTTP sampling is possible.,Parameter names/values in official_example are documented. Additional sampling controls originate from workbook or live probes; not an exhaustive required/optional contract.,True,stock,"{""success"": 11}",11,See coverage requests; HTTP success does not prove semantic equivalence or optional parameter enforcement.
FMP-091,Price Target,Price Target Summary API,https://financialmodelingprep.com/api/v4/price-target-summary,https://financialmodelingprep.com/api/v4/price-target-summary?symbol=AAPL,v4,"Get a summary of the price targets for a company from different analysts. This summary includes the average price target, the high price target, and the low price target.",Mapped from supplied text. Current availability not tested.,https://financialmodelingprep.com/stable/price-target-summary,https://financialmodelingprep.com/stable/price-target-summary?symbol=AAPL,https://site.financialmodelingprep.com/developer/docs,official_catalogue_verified_replacement,Replacement selected by matching endpoint purpose; current field compatibility must be checked.,Parameter names/values in official_example are documented. Additional sampling controls originate from workbook or live probes; not an exhaustive required/optional contract.,True,stock,"{""success"": 11}",11,See coverage requests; HTTP success does not prove semantic equivalence or optional parameter enforcement.
FMP-092,Price Target,Price Target By Name API,https://financialmodelingprep.com/api/v4/price-target-analyst-name,https://financialmodelingprep.com/api/v4/price-target-analyst-name?name=Tim Anderson,v4,Get the price targets for a company from a specific analyst. This can be useful if you want to track the price targets of a particular analyst that you trust.,Mapped from supplied text. Current availability not tested.,,,,no_current_replacement_verified,No exact stable equivalent verified; original workbook route will be tested where HTTP sampling is possible.,Parameter names/values in official_example are documented. Additional sampling controls originate from workbook or live probes; not an exhaustive required/optional contract.,False,alternative_or_marketwide,"{""success"": 1}",0,See coverage requests; HTTP success does not prove semantic equivalence or optional parameter enforcement.
FMP-093,Price Target,Price Target By Company API,https://financialmodelingprep.com/api/v4/price-target-analyst-company,https://financialmodelingprep.com/api/v4/price-target-analyst-company?company=Barclays,v4,Get the price targets for all companies in a specific industry or sector. This can be useful if you want to compare the price targets of different companies in the same industry.,Mapped from supplied text. Current availability not tested.,,,,no_current_replacement_verified,No exact stable equivalent verified; original workbook route will be tested where HTTP sampling is possible.,Parameter names/values in official_example are documented. Additional sampling controls originate from workbook or live probes; not an exhaustive required/optional contract.,False,alternative_or_marketwide,"{""success"": 1}",0,See coverage requests; HTTP success does not prove semantic equivalence or optional parameter enforcement.
FMP-094,Price Target,Price Target Consensus API,https://financialmodelingprep.com/api/v4/price-target-consensus,https://financialmodelingprep.com/api/v4/price-target-consensus?symbol=AAPL,v4,"Get the consensus price target for a company, which is the average of all price targets from different analysts. This can be useful if you want to get a general idea of what analysts think about a company's stock.",Mapped from supplied text. Current availability not tested.,https://financialmodelingprep.com/stable/price-target-consensus,https://financialmodelingprep.com/stable/price-target-consensus?symbol=AAPL,https://site.financialmodelingprep.com/developer/docs,official_catalogue_verified_replacement,Replacement selected by matching endpoint purpose; current field compatibility must be checked.,Parameter names/values in official_example are documented. Additional sampling controls originate from workbook or live probes; not an exhaustive required/optional contract.,True,stock,"{""success"": 11}",11,See coverage requests; HTTP success does not prove semantic equivalence or optional parameter enforcement.
FMP-095,Price Target,Price Target RSS Feed API,https://financialmodelingprep.com/api/v4/price-target-rss-feed,https://financialmodelingprep.com/api/v4/price-target-rss-feed?page=0,v4,"Get an RSS feed of price target updates for a company. This way, you can stay up-to-date on the latest price targets from analysts.",Mapped from supplied text. Current availability not tested.,,,,no_current_replacement_verified,No exact stable equivalent verified; original workbook route will be tested where HTTP sampling is possible.,Parameter names/values in official_example are documented. Additional sampling controls originate from workbook or live probes; not an exhaustive required/optional contract.,False,alternative_or_marketwide,"{""api_error"": 1}",0,See coverage requests; HTTP success does not prove semantic equivalence or optional parameter enforcement.
FMP-096,Upgrades & Downgrades,Upgrades & Downgrades API,https://financialmodelingprep.com/api/v4/upgrades-downgrades,https://financialmodelingprep.com/api/v4/upgrades-downgrades?symbol=AAPL,v4,"Get a comprehensive list of all stock upgrades and downgrades from different analysts, including the rating change, the analyst firm, and the date of the rating change. This information can be used to identify potential investment opportunities and assess the risk of current investments.",Mapped from supplied text. Current availability not tested.,https://financialmodelingprep.com/stable/grades,https://financialmodelingprep.com/stable/grades?symbol=AAPL,https://site.financialmodelingprep.com/developer/docs,official_catalogue_verified_replacement,Replacement selected by matching endpoint purpose; current field compatibility must be checked.,Parameter names/values in official_example are documented. Additional sampling controls originate from workbook or live probes; not an exhaustive required/optional contract.,True,stock,"{""success"": 11}",11,See coverage requests; HTTP success does not prove semantic equivalence or optional parameter enforcement.
FMP-097,Upgrades & Downgrades,Upgrades & Downgrades RSS Feed API,https://financialmodelingprep.com/api/v4/upgrades-downgrades-rss-feed,https://financialmodelingprep.com/api/v4/upgrades-downgrades-rss-feed?page=0,v4,"Subscribe to an RSS feed of all stock upgrades and downgrades from different analysts. This RSS feed is updated on a daily basis, so you can always stay up-to-date on the latest analyst ratings without having to manually check for updates.",Mapped from supplied text. Current availability not tested.,https://financialmodelingprep.com/stable/grades,https://financialmodelingprep.com/stable/grades?symbol=AAPL,https://site.financialmodelingprep.com/developer/docs,official_catalogue_verified_replacement,"Symbol-filtered grades replacement, not an equivalent global RSS feed.",Parameter names/values in official_example are documented. Additional sampling controls originate from workbook or live probes; not an exhaustive required/optional contract.,True,stock,"{""success"": 11}",11,See coverage requests; HTTP success does not prove semantic equivalence or optional parameter enforcement.
FMP-098,Upgrades & Downgrades,Upgrades & Downgrades Consensus API,https://financialmodelingprep.com/api/v4/upgrades-downgrades-consensus,https://financialmodelingprep.com/api/v4/upgrades-downgrades-consensus?symbol=AAPL,v4,"Get the consensus rating for a company, which is the average rating from different analysts. This information can be used to get a general idea of what analysts think about a company's stock and to make more informed investment decisions.",Mapped from supplied text. Current availability not tested.,https://financialmodelingprep.com/stable/grades-consensus,https://financialmodelingprep.com/stable/grades-consensus?symbol=AAPL,https://site.financialmodelingprep.com/developer/docs,official_catalogue_verified_replacement,Replacement selected by matching endpoint purpose; current field compatibility must be checked.,Parameter names/values in official_example are documented. Additional sampling controls originate from workbook or live probes; not an exhaustive required/optional contract.,True,stock,"{""success"": 11}",11,See coverage requests; HTTP success does not prove semantic equivalence or optional parameter enforcement.
FMP-099,Upgrades & Downgrades,Upgrades & Downgrades By Company API,https://financialmodelingprep.com/api/v4/upgrades-downgrades-grading-company,https://financialmodelingprep.com/api/v4/upgrades-downgrades-grading-company?company=Barclay,v4,"Get a comprehensive list of all stock upgrades and downgrades for a specific company, including the rating change, the analyst firm, and the date of the rating change. This information can be used to track analyst sentiment for a company and to identify potential investment opportunities or risks.",Mapped from supplied text. Current availability not tested.,,,,no_current_replacement_verified,No exact stable equivalent verified; original workbook route will be tested where HTTP sampling is possible.,Parameter names/values in official_example are documented. Additional sampling controls originate from workbook or live probes; not an exhaustive required/optional contract.,False,alternative_or_marketwide,"{""bounded_download"": 1}",0,See coverage requests; HTTP success does not prove semantic equivalence or optional parameter enforcement.
FMP-100,News,FMP Articles API,https://financialmodelingprep.com/api/v3/fmp/articles,https://financialmodelingprep.com/api/v3/fmp/articles?page=0&size=5,v3,"Get a list of the latest articles from FMP, including the headline, snippet, and publication URL.",Mapped from supplied text. Current availability not tested.,https://financialmodelingprep.com/stable/fmp-articles,https://financialmodelingprep.com/stable/fmp-articles?page=0&limit=20,https://site.financialmodelingprep.com/developer/docs,official_catalogue_verified_replacement,Replacement selected by matching endpoint purpose; current field compatibility must be checked.,Parameter names/values in official_example are documented. Additional sampling controls originate from workbook or live probes; not an exhaustive required/optional contract.,False,alternative_or_marketwide,"{""success"": 1}",0,See coverage requests; HTTP success does not prove semantic equivalence or optional parameter enforcement.
FMP-101,News,General News API,https://financialmodelingprep.com/api/v4/general_news,https://financialmodelingprep.com/api/v4/general_news?page=0,v4,"Get a list of the latest general news articles from a variety of sources, including the headline, snippet, and publication URL.",Mapped from supplied text. Current availability not tested.,https://financialmodelingprep.com/stable/news/general-latest,https://financialmodelingprep.com/stable/news/general-latest?page=0&limit=20,https://site.financialmodelingprep.com/developer/docs,official_catalogue_verified_replacement,Replacement selected by matching endpoint purpose; current field compatibility must be checked.,Parameter names/values in official_example are documented. Additional sampling controls originate from workbook or live probes; not an exhaustive required/optional contract.,False,alternative_or_marketwide,"{""success"": 1}",0,See coverage requests; HTTP success does not prove semantic equivalence or optional parameter enforcement.
FMP-102,News,Stock News API,https://financialmodelingprep.com/api/v3/stock_news,"https://financialmodelingprep.com/api/v3/stock_news?tickers=AAPL,FB&page=3&from=2024-01-01&to=2024-03-01",v3,"Get a list of the latest stock news articles from a variety of sources, including the headline, snippet, publication URL, and ticker symbol.",Mapped from supplied text. Current availability not tested.,https://financialmodelingprep.com/stable/news/stock,https://financialmodelingprep.com/stable/news/stock?symbols=AAPL,https://site.financialmodelingprep.com/developer/docs,official_catalogue_verified_replacement,Replacement selected by matching endpoint purpose; current field compatibility must be checked.,Parameter names/values in official_example are documented. Additional sampling controls originate from workbook or live probes; not an exhaustive required/optional contract.,True,stock,"{""success"": 11}",11,See coverage requests; HTTP success does not prove semantic equivalence or optional parameter enforcement.
FMP-103,News,Stock News Sentiments RSS Feed API,https://financialmodelingprep.com/api/v4/stock-news-sentiments-rss-feed,https://financialmodelingprep.com/api/v4/stock-news-sentiments-rss-feed?page=0,v4,"Get an RSS feed of the latest stock news articles with their sentiment analysis, including the headline, snippet, publication URL, ticker symbol, and sentiment score.",Mapped from supplied text. Current availability not tested.,,,,no_current_replacement_verified,No exact stable equivalent verified; original workbook route will be tested where HTTP sampling is possible.,Parameter names/values in official_example are documented. Additional sampling controls originate from workbook or live probes; not an exhaustive required/optional contract.,False,alternative_or_marketwide,"{""success"": 1}",0,See coverage requests; HTTP success does not prove semantic equivalence or optional parameter enforcement.
FMP-104,News,Forex News API,https://financialmodelingprep.com/api/v4/forex_news,https://financialmodelingprep.com/api/v4/forex_news?page=0,v4,"Get a list of the latest forex news articles from a variety of sources, including the headline, snippet, and publication URL.",Mapped from supplied text. Current availability not tested.,https://financialmodelingprep.com/stable/news/forex,https://financialmodelingprep.com/stable/news/forex?symbols=EURUSD,https://site.financialmodelingprep.com/developer/docs,official_catalogue_verified_replacement,Replacement selected by matching endpoint purpose; current field compatibility must be checked.,Parameter names/values in official_example are documented. Additional sampling controls originate from workbook or live probes; not an exhaustive required/optional contract.,False,alternative_or_marketwide,"{""success"": 1}",0,See coverage requests; HTTP success does not prove semantic equivalence or optional parameter enforcement.
FMP-105,News,Crypto News API,https://financialmodelingprep.com/api/v4/crypto_news,https://financialmodelingprep.com/api/v4/crypto_news?page=0,v4,"Get a list of the latest crypto news articles from a variety of sources, including the headline, snippet, and publication URL. (Note: This endpoint requires the symbol in the format of BTCUSD to be passed in as a query parameter.)",Mapped from supplied text. Current availability not tested.,https://financialmodelingprep.com/stable/news/crypto,https://financialmodelingprep.com/stable/news/crypto?symbols=BTCUSD,https://site.financialmodelingprep.com/developer/docs,official_catalogue_verified_replacement,Replacement selected by matching endpoint purpose; current field compatibility must be checked.,Parameter names/values in official_example are documented. Additional sampling controls originate from workbook or live probes; not an exhaustive required/optional contract.,False,alternative_or_marketwide,"{""success"": 1}",0,See coverage requests; HTTP success does not prove semantic equivalence or optional parameter enforcement.
FMP-106,News,Press Releases API,https://financialmodelingprep.com/api/v3/press-releases,https://financialmodelingprep.com/api/v3/press-releases?page=0,v3,"Access a diverse range of press releases from various companies, each entry providing essential details such as the company symbol, release date, title, and content of the release. This endpoint offers a comprehensive overview of industry news and updates, enabling users to stay informed about recent developments across multiple organizations.",Mapped from supplied text. Current availability not tested.,https://financialmodelingprep.com/stable/news/press-releases-latest,https://financialmodelingprep.com/stable/news/press-releases-latest?page=0&limit=20,https://site.financialmodelingprep.com/developer/docs,official_catalogue_verified_replacement,Replacement selected by matching endpoint purpose; current field compatibility must be checked.,Parameter names/values in official_example are documented. Additional sampling controls originate from workbook or live probes; not an exhaustive required/optional contract.,False,alternative_or_marketwide,"{""restricted"": 1, ""success"": 1}",0,See coverage requests; HTTP success does not prove semantic equivalence or optional parameter enforcement.
FMP-107,News,Press Releases By Symbol API,https://financialmodelingprep.com/api/v3/press-releases/{symbol},https://financialmodelingprep.com/api/v3/press-releases/AAPL,v3,"Retrieve detailed information about the latest press releases from a specific company, including the company symbol, release date, title, and content of each release. This endpoint allows you to stay updated on important developments and announcements from a particular organization.",Mapped from supplied text. Current availability not tested.,https://financialmodelingprep.com/stable/news/press-releases,https://financialmodelingprep.com/stable/news/press-releases?symbols=AAPL,https://site.financialmodelingprep.com/developer/docs,official_catalogue_verified_replacement,Replacement selected by matching endpoint purpose; current field compatibility must be checked.,Parameter names/values in official_example are documented. Additional sampling controls originate from workbook or live probes; not an exhaustive required/optional contract.,True,stock,"{""restricted"": 11, ""success"": 11}",11,See coverage requests; HTTP success does not prove semantic equivalence or optional parameter enforcement.
FMP-108,News,Historical Social Sentiment API,https://financialmodelingprep.com/api/v4/historical/social-sentiment,https://financialmodelingprep.com/api/v4/historical/social-sentiment?symbol=AAPL&page=0,v4,Provides historical social sentiment data for a given ticker or company name.,Mapped from supplied text. Current availability not tested.,,,,no_current_replacement_verified,No exact stable equivalent verified; original workbook route will be tested where HTTP sampling is possible.,Parameter names/values in official_example are documented. Additional sampling controls originate from workbook or live probes; not an exhaustive required/optional contract.,True,stock,"{""success"": 11}",11,See coverage requests; HTTP success does not prove semantic equivalence or optional parameter enforcement.
FMP-109,News,Trending Social Sentiment API,https://financialmodelingprep.com/api/v4/social-sentiments/trending,https://financialmodelingprep.com/api/v4/social-sentiments/trending?type=bullish&source=stocktwits,v4,Provides trending social sentiment data for a given ticker or company name.,Mapped from supplied text. Current availability not tested.,,,,no_current_replacement_verified,No exact stable equivalent verified; original workbook route will be tested where HTTP sampling is possible.,Parameter names/values in official_example are documented. Additional sampling controls originate from workbook or live probes; not an exhaustive required/optional contract.,False,alternative_or_marketwide,"{""success"": 1}",0,See coverage requests; HTTP success does not prove semantic equivalence or optional parameter enforcement.
FMP-110,News,Social Sentiment Changes API,https://financialmodelingprep.com/api/v4/social-sentiments/change,https://financialmodelingprep.com/api/v4/social-sentiments/change?type=bullish&source=stocktwits,v4,Provides changes in social sentiment data for a given ticker or company name over a period of time.,Mapped from supplied text. Current availability not tested.,,,,no_current_replacement_verified,No exact stable equivalent verified; original workbook route will be tested where HTTP sampling is possible.,Parameter names/values in official_example are documented. Additional sampling controls originate from workbook or live probes; not an exhaustive required/optional contract.,False,alternative_or_marketwide,"{""success"": 1}",0,See coverage requests; HTTP success does not prove semantic equivalence or optional parameter enforcement.
FMP-111,Earnings Transcripts,Earnings Transcript API,https://financialmodelingprep.com/api/v3/earning_call_transcript/{symbol},https://financialmodelingprep.com/api/v3/earning_call_transcript/AAPL?year=2020&quarter=3,v3,"Get the full transcript of an earnings call for a specific company in text format. This endpoint can be used to learn more about a company's financial performance, future plans, and overall strategy.",Mapped from supplied text. Current availability not tested.,https://financialmodelingprep.com/stable/earning-call-transcript,https://financialmodelingprep.com/stable/earning-call-transcript?symbol=AAPL&year=2020&quarter=3,https://site.financialmodelingprep.com/developer/docs,official_catalogue_verified_replacement,Replacement selected by matching endpoint purpose; current field compatibility must be checked.,Parameter names/values in official_example are documented. Additional sampling controls originate from workbook or live probes; not an exhaustive required/optional contract.,True,stock,"{""restricted"": 11, ""success"": 11}",11,See coverage requests; HTTP success does not prove semantic equivalence or optional parameter enforcement.
FMP-112,Earnings Transcripts,Transcript Dates API,https://financialmodelingprep.com/api/v4/earning_call_transcript,https://financialmodelingprep.com/api/v4/earning_call_transcript?symbol=AAPL,v4,Get a list of all upcoming earnings call dates for a specific company. This endpoint can be used to plan your trading activity around earnings call dates.,Mapped from supplied text. Current availability not tested.,https://financialmodelingprep.com/stable/earning-call-transcript-dates,https://financialmodelingprep.com/stable/earning-call-transcript-dates?symbol=AAPL,https://site.financialmodelingprep.com/developer/docs,official_catalogue_verified_replacement,Replacement selected by matching endpoint purpose; current field compatibility must be checked.,Parameter names/values in official_example are documented. Additional sampling controls originate from workbook or live probes; not an exhaustive required/optional contract.,True,stock,"{""restricted"": 11, ""success"": 11}",11,See coverage requests; HTTP success does not prove semantic equivalence or optional parameter enforcement.
FMP-113,Earnings Transcripts,Batch Earning Call Transcript API,https://financialmodelingprep.com/api/v4/batch_earning_call_transcript/{symbol},https://financialmodelingprep.com/api/v4/batch_earning_call_transcript/AAPL?year=2020,v4,,Mapped from supplied text. Current availability not tested.,,,,no_current_replacement_verified,No exact stable equivalent verified; original workbook route will be tested where HTTP sampling is possible.,Parameter names/values in official_example are documented. Additional sampling controls originate from workbook or live probes; not an exhaustive required/optional contract.,True,stock,"{""success"": 11}",11,See coverage requests; HTTP success does not prove semantic equivalence or optional parameter enforcement.
FMP-114,Securities and Exchange Commission (S.E.C),RSS Feed API,https://financialmodelingprep.com/api/v4/rss_feed,https://financialmodelingprep.com/api/v4/rss_feed?limit=100&type=10&from=2021-03-10&to=2021-05-04&isDone=true,v4,"A real-time feed of SEC filings from publicly traded companies, including the filing type, link to SEC page, and direct link to the filing. This endpoint can be used to stay up-to-date on the latest SEC filings for all companies or for a specific set of companies.",Mapped from supplied text. Current availability not tested.,https://financialmodelingprep.com/stable/sec-filings-financials,https://financialmodelingprep.com/stable/sec-filings-financials?from=2024-01-01&to=2024-03-01&page=0&limit=100,https://site.financialmodelingprep.com/developer/docs,official_catalogue_verified_replacement,Latest financial filings replacement; not an identical historical RSS stream.,Parameter names/values in official_example are documented. Additional sampling controls originate from workbook or live probes; not an exhaustive required/optional contract.,False,alternative_or_marketwide,"{""success"": 1}",0,See coverage requests; HTTP success does not prove semantic equivalence or optional parameter enforcement.
FMP-115,Securities and Exchange Commission (S.E.C),RSS Feed V3 API,https://financialmodelingprep.com/api/v3/rss_feed,https://financialmodelingprep.com/api/v3/rss_feed?page=0&datatype=csv,v3,"A real-time feed of SEC filings from publicly traded companies in the latest RSS feed format (V3). RSS Feed V3 includes a number of new features and improvements, such as support for multiple namespaces, digital signatures, enclosures, and categories and tags.",Mapped from supplied text. Current availability not tested.,https://financialmodelingprep.com/stable/sec-filings-financials,https://financialmodelingprep.com/stable/sec-filings-financials?from=2024-01-01&to=2024-03-01&page=0&limit=100,https://site.financialmodelingprep.com/developer/docs,official_catalogue_verified_replacement,Latest financial filings replacement; not an identical RSS stream.,Parameter names/values in official_example are documented. Additional sampling controls originate from workbook or live probes; not an exhaustive required/optional contract.,False,alternative_or_marketwide,"{""success"": 1}",0,See coverage requests; HTTP success does not prove semantic equivalence or optional parameter enforcement.
FMP-116,Securities and Exchange Commission (S.E.C),RSS Feed All API,https://financialmodelingprep.com/api/v4/rss_feed_all,https://financialmodelingprep.com/api/v4/rss_feed_all?page=0,v4,"A real-time feed of all SEC filings from publicly traded companies in the latest RSS feed format. This endpoint provides a comprehensive overview of all SEC filings, including the filing type, link to SEC page, and direct link to the filing.",Mapped from supplied text. Current availability not tested.,https://financialmodelingprep.com/stable/sec-filings-financials,https://financialmodelingprep.com/stable/sec-filings-financials?from=2024-01-01&to=2024-03-01&page=0&limit=100,https://site.financialmodelingprep.com/developer/docs,official_catalogue_verified_replacement,Financial-filings replacement; not an assertion of identical all-form coverage.,Parameter names/values in official_example are documented. Additional sampling controls originate from workbook or live probes; not an exhaustive required/optional contract.,False,alternative_or_marketwide,"{""success"": 1}",0,See coverage requests; HTTP success does not prove semantic equivalence or optional parameter enforcement.
FMP-117,Securities and Exchange Commission (S.E.C),RSS Feed 8-K API,https://financialmodelingprep.com/api/v4/rss_feed_8k,https://financialmodelingprep.com/api/v4/rss_feed_8k,v4,"A real-time feed of 8-K SEC filings from publicly traded companies. 8-K filings are required to be filed with the SEC when a company experiences a significant event, such as a merger or acquisition, a bankruptcy filing, or a change in control.",Mapped from supplied text. Current availability not tested.,https://financialmodelingprep.com/stable/sec-filings-8k,https://financialmodelingprep.com/stable/sec-filings-8k?from=2024-01-01&to=2024-03-01&page=0&limit=100,https://site.financialmodelingprep.com/developer/docs,official_catalogue_verified_replacement,Replacement selected by matching endpoint purpose; current field compatibility must be checked.,Parameter names/values in official_example are documented. Additional sampling controls originate from workbook or live probes; not an exhaustive required/optional contract.,False,alternative_or_marketwide,"{""success"": 1}",0,See coverage requests; HTTP success does not prove semantic equivalence or optional parameter enforcement.
FMP-118,Securities and Exchange Commission (S.E.C),SEC Filings API,https://financialmodelingprep.com/api/v3/sec_filings/{symbol},https://financialmodelingprep.com/api/v3/sec_filings/AAPL?type=10-k&page=0,v3,"Access direct links to SEC filings, including the filing type, link to the SEC page, and direct link to the specific filing. To obtain all companies' SEC filings, you can utilize the RSS Feed API.",Mapped from supplied text. Current availability not tested.,https://financialmodelingprep.com/stable/sec-filings-search/symbol,https://financialmodelingprep.com/stable/sec-filings-search/symbol?symbol=AAPL&from=2024-01-01&to=2024-03-01&page=0&limit=100,https://site.financialmodelingprep.com/developer/docs,official_catalogue_verified_replacement,Replacement selected by matching endpoint purpose; current field compatibility must be checked.,Parameter names/values in official_example are documented. Additional sampling controls originate from workbook or live probes; not an exhaustive required/optional contract.,True,stock,"{""empty"": 2, ""success"": 9}",9,See coverage requests; HTTP success does not prove semantic equivalence or optional parameter enforcement.
FMP-119,Securities and Exchange Commission (S.E.C),Individual Industry Classification API,https://financialmodelingprep.com/api/v4/standard_industrial_classification,https://financialmodelingprep.com/api/v4/standard_industrial_classification?symbol=AAPL,v4,"Identify the industry in which a particular company operates, based on the Standard Industrial Classification (SIC) system.",Mapped from supplied text. Current availability not tested.,https://financialmodelingprep.com/stable/industry-classification-search,https://financialmodelingprep.com/stable/industry-classification-search,https://site.financialmodelingprep.com/developer/docs,official_catalogue_verified_replacement,Replacement selected by matching endpoint purpose; current field compatibility must be checked.,Parameter names/values in official_example are documented. Additional sampling controls originate from workbook or live probes; not an exhaustive required/optional contract.,True,stock,"{""success"": 11}",11,See coverage requests; HTTP success does not prove semantic equivalence or optional parameter enforcement.
FMP-120,Securities and Exchange Commission (S.E.C),All Industry Classification API,https://financialmodelingprep.com/api/v4/standard_industrial_classification/all,https://financialmodelingprep.com/api/v4/standard_industrial_classification/all,v4,"Get a comprehensive overview of all industries, classified according to the SIC system.",Mapped from supplied text. Current availability not tested.,https://financialmodelingprep.com/stable/all-industry-classification,https://financialmodelingprep.com/stable/all-industry-classification,https://site.financialmodelingprep.com/developer/docs,official_catalogue_verified_replacement,Replacement selected by matching endpoint purpose; current field compatibility must be checked.,Parameter names/values in official_example are documented. Additional sampling controls originate from workbook or live probes; not an exhaustive required/optional contract.,False,alternative_or_marketwide,"{""success"": 1}",0,See coverage requests; HTTP success does not prove semantic equivalence or optional parameter enforcement.
FMP-121,Securities and Exchange Commission (S.E.C),Industry Classification Codes API,https://financialmodelingprep.com/api/v4/standard_industrial_classification_list,https://financialmodelingprep.com/api/v4/standard_industrial_classification_list,v4,Learn more about the SIC system and identify the SIC code for a particular industry.,Mapped from supplied text. Current availability not tested.,https://financialmodelingprep.com/stable/standard-industrial-classification-list,https://financialmodelingprep.com/stable/standard-industrial-classification-list,https://site.financialmodelingprep.com/developer/docs,official_catalogue_verified_replacement,Replacement selected by matching endpoint purpose; current field compatibility must be checked.,Parameter names/values in official_example are documented. Additional sampling controls originate from workbook or live probes; not an exhaustive required/optional contract.,False,alternative_or_marketwide,"{""success"": 1}",0,See coverage requests; HTTP success does not prove semantic equivalence or optional parameter enforcement.
FMP-122,Earnings,Earnings Calendar API,https://financialmodelingprep.com/api/v3/earning_calendar,https://financialmodelingprep.com/api/v3/earning_calendar?from=2023-10-10&to=2023-08-10,v3,"A list of upcoming & past earnings announcements for publicly traded companies, including the date, estimated earnings per share (EPS), and actual EPS (if available).",Mapped from supplied text. Current availability not tested.,https://financialmodelingprep.com/stable/earnings-calendar,https://financialmodelingprep.com/stable/earnings-calendar,https://site.financialmodelingprep.com/developer/docs,official_catalogue_verified_replacement,Replacement selected by matching endpoint purpose; current field compatibility must be checked.,Parameter names/values in official_example are documented. Additional sampling controls originate from workbook or live probes; not an exhaustive required/optional contract.,False,alternative_or_marketwide,"{""success"": 1}",0,See coverage requests; HTTP success does not prove semantic equivalence or optional parameter enforcement.
FMP-123,Earnings,Earnings Historical & Upcoming API,https://financialmodelingprep.com/api/v3/historical/earning_calendar/{symbol},https://financialmodelingprep.com/api/v3/historical/earning_calendar/AAPL,v3,"A list of historical & upcoming earnings announcements for a specific company, including the date, estimated EPS, and actual EPS.",Mapped from supplied text. Current availability not tested.,https://financialmodelingprep.com/stable/earnings,https://financialmodelingprep.com/stable/earnings?symbol=AAPL,https://site.financialmodelingprep.com/developer/docs,official_catalogue_verified_replacement,Replacement selected by matching endpoint purpose; current field compatibility must be checked.,Parameter names/values in official_example are documented. Additional sampling controls originate from workbook or live probes; not an exhaustive required/optional contract.,True,stock,"{""success"": 11}",11,See coverage requests; HTTP success does not prove semantic equivalence or optional parameter enforcement.
FMP-124,Earnings,Earnings Confirmed API,https://financialmodelingprep.com/api/v4/earning-calendar-confirmed,https://financialmodelingprep.com/api/v4/earning-calendar-confirmed?from=2023-04-10&to=2023-08-19,v4,A list of earnings announcements for publicly traded companies that have already been confirmed.,Mapped from supplied text. Current availability not tested.,,,,no_current_replacement_verified,No exact stable equivalent verified; original workbook route will be tested where HTTP sampling is possible.,Parameter names/values in official_example are documented. Additional sampling controls originate from workbook or live probes; not an exhaustive required/optional contract.,False,alternative_or_marketwide,"{""success"": 1}",0,See coverage requests; HTTP success does not prove semantic equivalence or optional parameter enforcement.
FMP-125,Earnings,Earnings Surprises API,https://financialmodelingprep.com/api/v3/earnings-surprises/{symbol},https://financialmodelingprep.com/api/v3/earnings-surprises/AAPL,v3,"A list of earnings announcements for publicly traded companies that were either positive or negative surprises. This endpoint includes the date of the earnings announcement, the estimated EPS, the actual EPS, and the earnings surprise.",Mapped from supplied text. Current availability not tested.,https://financialmodelingprep.com/stable/earnings,https://financialmodelingprep.com/stable/earnings?symbol=AAPL,https://site.financialmodelingprep.com/developer/docs,official_catalogue_verified_replacement,Earnings records expose surprise inputs where present; no fabricated calculated surprise.,Parameter names/values in official_example are documented. Additional sampling controls originate from workbook or live probes; not an exhaustive required/optional contract.,True,stock,"{""success"": 11}",11,See coverage requests; HTTP success does not prove semantic equivalence or optional parameter enforcement.
FMP-126,Dividends,Dividends Calendar API,https://financialmodelingprep.com/api/v3/stock_dividend_calendar,https://financialmodelingprep.com/api/v3/stock_dividend_calendar?from=2023-08-10&to=2023-10-10,v3,"A list of upcoming dividend payments for publicly traded companies, including the date of the dividend payment, the ex-dividend date, and the dividend per share.",Mapped from supplied text. Current availability not tested.,https://financialmodelingprep.com/stable/dividends-calendar,https://financialmodelingprep.com/stable/dividends-calendar,https://site.financialmodelingprep.com/developer/docs,official_catalogue_verified_replacement,Replacement selected by matching endpoint purpose; current field compatibility must be checked.,Parameter names/values in official_example are documented. Additional sampling controls originate from workbook or live probes; not an exhaustive required/optional contract.,False,alternative_or_marketwide,"{""success"": 1}",0,See coverage requests; HTTP success does not prove semantic equivalence or optional parameter enforcement.
FMP-127,Dividends,Dividends Historical API,https://financialmodelingprep.com/api/v3/historical-price-full/stock_dividend/{symbol},https://financialmodelingprep.com/api/v3/historical-price-full/stock_dividend/AAPL,v3,"A list of historical dividend payments for publicly traded companies, including the date of the dividend payment, the ex-dividend date, and the dividend per share.",Mapped from supplied text. Current availability not tested.,https://financialmodelingprep.com/stable/dividends,https://financialmodelingprep.com/stable/dividends?symbol=AAPL,https://site.financialmodelingprep.com/developer/docs,official_catalogue_verified_replacement,Replacement selected by matching endpoint purpose; current field compatibility must be checked.,Parameter names/values in official_example are documented. Additional sampling controls originate from workbook or live probes; not an exhaustive required/optional contract.,True,stock,"{""empty"": 1, ""success"": 10}",10,See coverage requests; HTTP success does not prove semantic equivalence or optional parameter enforcement.
FMP-128,Splits,Splits Calendar API,https://financialmodelingprep.com/api/v3/stock_split_calendar,https://financialmodelingprep.com/api/v3/stock_split_calendar?from=2023-08-10&to=2023-10-10,v3,"A list of upcoming stock splits for publicly traded companies, including the date of the stock split, the split ratio, and the type of stock split.",Mapped from supplied text. Current availability not tested.,https://financialmodelingprep.com/stable/splits-calendar,https://financialmodelingprep.com/stable/splits-calendar,https://site.financialmodelingprep.com/developer/docs,official_catalogue_verified_replacement,Replacement selected by matching endpoint purpose; current field compatibility must be checked.,Parameter names/values in official_example are documented. Additional sampling controls originate from workbook or live probes; not an exhaustive required/optional contract.,False,alternative_or_marketwide,"{""success"": 1}",0,See coverage requests; HTTP success does not prove semantic equivalence or optional parameter enforcement.
FMP-129,Splits,Splits Historical API,https://financialmodelingprep.com/api/v3/historical-price-full/stock_split/{symbol},https://financialmodelingprep.com/api/v3/historical-price-full/stock_split/AAPL,v3,"A list of historical stock splits for publicly traded companies, including the date of the stock split, the split ratio, and the type of stock split.",Mapped from supplied text. Current availability not tested.,https://financialmodelingprep.com/stable/splits,https://financialmodelingprep.com/stable/splits?symbol=AAPL,https://site.financialmodelingprep.com/developer/docs,official_catalogue_verified_replacement,Replacement selected by matching endpoint purpose; current field compatibility must be checked.,Parameter names/values in official_example are documented. Additional sampling controls originate from workbook or live probes; not an exhaustive required/optional contract.,True,stock,"{""empty"": 1, ""success"": 10}",10,See coverage requests; HTTP success does not prove semantic equivalence or optional parameter enforcement.
FMP-130,IPO Calendar,IPO Confirmed API,https://financialmodelingprep.com/api/v4/ipo-calendar-confirmed,https://financialmodelingprep.com/api/v4/ipo-calendar-confirmed?from=2021-11-10&to=2022-02-01,v4,The FMP IPO Confirmed endpoint provides a list of IPOs that have been confirmed and are scheduled to take place in the near future.,Mapped from supplied text. Current availability not tested.,https://financialmodelingprep.com/stable/ipos-disclosure,https://financialmodelingprep.com/stable/ipos-disclosure,https://site.financialmodelingprep.com/developer/docs,official_catalogue_verified_replacement,Replacement selected by matching endpoint purpose; current field compatibility must be checked.,Parameter names/values in official_example are documented. Additional sampling controls originate from workbook or live probes; not an exhaustive required/optional contract.,False,alternative_or_marketwide,"{""bounded_download"": 1}",0,See coverage requests; HTTP success does not prove semantic equivalence or optional parameter enforcement.
FMP-131,IPO Calendar,IPO Prospectus API,https://financialmodelingprep.com/api/v4/ipo-calendar-prospectus,https://financialmodelingprep.com/api/v4/ipo-calendar-prospectus,v4,"The FMP IPO Prospectus endpoint provides a link to the IPO prospectus for a given company. The IPO prospectus is a legal document that provides detailed information about the company, its IPO, and its securities.",Mapped from supplied text. Current availability not tested.,https://financialmodelingprep.com/stable/ipos-prospectus,https://financialmodelingprep.com/stable/ipos-prospectus,https://site.financialmodelingprep.com/developer/docs,official_catalogue_verified_replacement,Replacement selected by matching endpoint purpose; current field compatibility must be checked.,Parameter names/values in official_example are documented. Additional sampling controls originate from workbook or live probes; not an exhaustive required/optional contract.,False,alternative_or_marketwide,"{""success"": 1}",0,See coverage requests; HTTP success does not prove semantic equivalence or optional parameter enforcement.
FMP-132,IPO Calendar,IPO Prospectus API,https://financialmodelingprep.com/api/v3/ipo_calendar,https://financialmodelingprep.com/api/v3/ipo_calendar,v3,"The FMP IPO Prospectus endpoint provides a link to the IPO prospectus for a given company. The IPO prospectus is a legal document that provides detailed information about the company, its IPO, and its securities.",Mapped from supplied text. Current availability not tested.,https://financialmodelingprep.com/stable/ipos-calendar,https://financialmodelingprep.com/stable/ipos-calendar,https://site.financialmodelingprep.com/developer/docs,official_catalogue_verified_replacement,Replacement selected by matching endpoint purpose; current field compatibility must be checked.,Parameter names/values in official_example are documented. Additional sampling controls originate from workbook or live probes; not an exhaustive required/optional contract.,False,alternative_or_marketwide,"{""success"": 1}",0,See coverage requests; HTTP success does not prove semantic equivalence or optional parameter enforcement.
FMP-133,Mergers & Acquisitions,M&A RSS Feed API,https://financialmodelingprep.com/api/v4/mergers-acquisitions-rss-feed,https://financialmodelingprep.com/api/v4/mergers-acquisitions-rss-feed?page=0,v4,"The FMP M&A RSS Feed provides investors, analysts, and other market participants with a real-time stream of M&A news and announcements.",Mapped from supplied text. Current availability not tested.,https://financialmodelingprep.com/stable/mergers-acquisitions-latest,https://financialmodelingprep.com/stable/mergers-acquisitions-latest?page=0&limit=100,https://site.financialmodelingprep.com/developer/docs,official_catalogue_verified_replacement,Replacement selected by matching endpoint purpose; current field compatibility must be checked.,Parameter names/values in official_example are documented. Additional sampling controls originate from workbook or live probes; not an exhaustive required/optional contract.,False,alternative_or_marketwide,"{""success"": 1}",0,See coverage requests; HTTP success does not prove semantic equivalence or optional parameter enforcement.
FMP-134,Mergers & Acquisitions,Search M&A API,https://financialmodelingprep.com/api/v4/mergers-acquisitions/search,https://financialmodelingprep.com/api/v4/mergers-acquisitions/search?name=syros,v4,"The FMP Search M&A endpoint allows users to search for M&A deals based on a variety of criteria, Users can also specify a date range to search for M&A deals that were announced during that period.",Mapped from supplied text. Current availability not tested.,https://financialmodelingprep.com/stable/mergers-acquisitions-search,https://financialmodelingprep.com/stable/mergers-acquisitions-search?name=Apple,https://site.financialmodelingprep.com/developer/docs,official_catalogue_verified_replacement,Replacement selected by matching endpoint purpose; current field compatibility must be checked.,Parameter names/values in official_example are documented. Additional sampling controls originate from workbook or live probes; not an exhaustive required/optional contract.,False,alternative_or_marketwide,"{""restricted"": 1, ""success"": 1}",0,See coverage requests; HTTP success does not prove semantic equivalence or optional parameter enforcement.
FMP-135,Stock Historical Price,Intraday Chart API,https://financialmodelingprep.com/api/v3/historical-chart/5min/{symbol},https://financialmodelingprep.com/api/v3/historical-chart/5min/AAPL?from=2023-08-10&to=2023-09-10,v3,"The FMP Chart Intraday endpoint provides an intraday chart for a given company. The chart displays the stock price of the company at different time intervals throughout the day. The user can specify the time interval that they want to view, such as 1 minute, 5 minutes, 15 minutes, or 60 minutes.",Mapped from supplied text. Current availability not tested.,https://financialmodelingprep.com/stable/historical-chart/5min,https://financialmodelingprep.com/stable/historical-chart/5min?symbol=AAPL,https://site.financialmodelingprep.com/developer/docs,official_catalogue_verified_replacement,Replacement selected by matching endpoint purpose; current field compatibility must be checked.,Parameter names/values in official_example are documented. Additional sampling controls originate from workbook or live probes; not an exhaustive required/optional contract.,True,stock,"{""success"": 11}",11,See coverage requests; HTTP success does not prove semantic equivalence or optional parameter enforcement.
FMP-136,Stock Historical Price,Daily Chart EOD API,https://financialmodelingprep.com/api/v3/historical-price-full/{symbol},https://financialmodelingprep.com/api/v3/historical-price-full/AAPL,v3,"The FMP Daily Chart endpoint provides daily stock data for a specified company, including opening, high, low, and closing prices, with a default limit of 5 years of historical data. To access data beyond this limit, use the from and to parameters for custom date ranges, each with a 5-year limit. For example, to get data starting from October 10, 1990, use /v3/historical-price-full/AAPL?from=1990-10-10, which will include records starting from December 12, 1990. This allows access to over 30 years of historical data.",Mapped from supplied text. Current availability not tested.,https://financialmodelingprep.com/stable/historical-price-eod/full,https://financialmodelingprep.com/stable/historical-price-eod/full?symbol=AAPL,https://site.financialmodelingprep.com/developer/docs,official_catalogue_verified_replacement,Replacement selected by matching endpoint purpose; current field compatibility must be checked.,Parameter names/values in official_example are documented. Additional sampling controls originate from workbook or live probes; not an exhaustive required/optional contract.,True,stock,"{""success"": 11}",11,See coverage requests; HTTP success does not prove semantic equivalence or optional parameter enforcement.
FMP-137,Technical Indicators,Simple Moving Average API,https://financialmodelingprep.com/api/v3/technical_indicator/5min/{symbol},https://financialmodelingprep.com/api/v3/technical_indicator/5min/AAPL?type=sma&period=10,v3,The FMP SMA endpoint provides the simple moving average of a security's closing price over a specified period of time.,Mapped from supplied text. Current availability not tested.,https://financialmodelingprep.com/stable/technical-indicators/sma,https://financialmodelingprep.com/stable/technical-indicators/sma?symbol=AAPL&periodLength=10&timeframe=1day,https://site.financialmodelingprep.com/developer/docs,official_catalogue_verified_replacement,Replacement selected by matching endpoint purpose; current field compatibility must be checked.,Parameter names/values in official_example are documented. Additional sampling controls originate from workbook or live probes; not an exhaustive required/optional contract.,True,stock,"{""success"": 11}",11,See coverage requests; HTTP success does not prove semantic equivalence or optional parameter enforcement.
FMP-138,Technical Indicators,Exponential Moving Average API,https://financialmodelingprep.com/api/v3/technical_indicator/5min/{symbol},https://financialmodelingprep.com/api/v3/technical_indicator/5min/AAPL?type=ema&period=10,v3,The FMP EMA endpoint provides the exponential moving average of a security's closing price over a specified period of time.,Mapped from supplied text. Current availability not tested.,https://financialmodelingprep.com/stable/technical-indicators/ema,https://financialmodelingprep.com/stable/technical-indicators/ema?symbol=AAPL&periodLength=10&timeframe=1day,https://site.financialmodelingprep.com/developer/docs,official_catalogue_verified_replacement,Replacement selected by matching endpoint purpose; current field compatibility must be checked.,Parameter names/values in official_example are documented. Additional sampling controls originate from workbook or live probes; not an exhaustive required/optional contract.,True,stock,"{""success"": 11}",11,See coverage requests; HTTP success does not prove semantic equivalence or optional parameter enforcement.
FMP-139,Technical Indicators,Weighted Moving Average API,https://financialmodelingprep.com/api/v3/technical_indicator/5min/{symbol},https://financialmodelingprep.com/api/v3/technical_indicator/5min/AAPL?type=wma&period=10,v3,The FMP WMA endpoint provides the weighted moving average of a security's closing price over a specified period of time.,Mapped from supplied text. Current availability not tested.,https://financialmodelingprep.com/stable/technical-indicators/wma,https://financialmodelingprep.com/stable/technical-indicators/wma?symbol=AAPL&periodLength=10&timeframe=1day,https://site.financialmodelingprep.com/developer/docs,official_catalogue_verified_replacement,Replacement selected by matching endpoint purpose; current field compatibility must be checked.,Parameter names/values in official_example are documented. Additional sampling controls originate from workbook or live probes; not an exhaustive required/optional contract.,True,stock,"{""success"": 11}",11,See coverage requests; HTTP success does not prove semantic equivalence or optional parameter enforcement.
FMP-140,Technical Indicators,Double EMA API,https://financialmodelingprep.com/api/v3/technical_indicator/5min/{symbol},https://financialmodelingprep.com/api/v3/technical_indicator/5min/AAPL?type=dema&period=10,v3,The FMP DEMA endpoint provides the double exponential moving average of a security's closing price over a specified period of time.,Mapped from supplied text. Current availability not tested.,https://financialmodelingprep.com/stable/technical-indicators/dema,https://financialmodelingprep.com/stable/technical-indicators/dema?symbol=AAPL&periodLength=10&timeframe=1day,https://site.financialmodelingprep.com/developer/docs,official_catalogue_verified_replacement,Replacement selected by matching endpoint purpose; current field compatibility must be checked.,Parameter names/values in official_example are documented. Additional sampling controls originate from workbook or live probes; not an exhaustive required/optional contract.,True,stock,"{""success"": 11}",11,See coverage requests; HTTP success does not prove semantic equivalence or optional parameter enforcement.
FMP-141,Technical Indicators,Triple EMA API,https://financialmodelingprep.com/api/v3/technical_indicator/5min/{symbol},https://financialmodelingprep.com/api/v3/technical_indicator/5min/AAPL?type=tema&period=10,v3,The FMP TEMA endpoint provides the triple exponential moving average of a security's closing price over a specified period of time.,Mapped from supplied text. Current availability not tested.,https://financialmodelingprep.com/stable/technical-indicators/tema,https://financialmodelingprep.com/stable/technical-indicators/tema?symbol=AAPL&periodLength=10&timeframe=1day,https://site.financialmodelingprep.com/developer/docs,official_catalogue_verified_replacement,Replacement selected by matching endpoint purpose; current field compatibility must be checked.,Parameter names/values in official_example are documented. Additional sampling controls originate from workbook or live probes; not an exhaustive required/optional contract.,True,stock,"{""success"": 11}",11,See coverage requests; HTTP success does not prove semantic equivalence or optional parameter enforcement.
FMP-142,Technical Indicators,Williams API,https://financialmodelingprep.com/api/v3/technical_indicator/5min/{symbol},https://financialmodelingprep.com/api/v3/technical_indicator/5min/AAPL?type=williams&period=10,v3,The FMP Williams endpoint provides the Williams %R indicator for a security over a specified period of time.,Mapped from supplied text. Current availability not tested.,https://financialmodelingprep.com/stable/technical-indicators/williams,https://financialmodelingprep.com/stable/technical-indicators/williams?symbol=AAPL&periodLength=10&timeframe=1day,https://site.financialmodelingprep.com/developer/docs,official_catalogue_verified_replacement,Replacement selected by matching endpoint purpose; current field compatibility must be checked.,Parameter names/values in official_example are documented. Additional sampling controls originate from workbook or live probes; not an exhaustive required/optional contract.,True,stock,"{""success"": 11}",11,See coverage requests; HTTP success does not prove semantic equivalence or optional parameter enforcement.
FMP-143,Technical Indicators,Relative Strength Index API,https://financialmodelingprep.com/api/v3/technical_indicator/5min/{symbol},https://financialmodelingprep.com/api/v3/technical_indicator/5min/AAPL?type=rsi&period=10,v3,The FMP RSI endpoint provides the Relative Strength Index (RSI) for a security over a specified period of time.,Mapped from supplied text. Current availability not tested.,https://financialmodelingprep.com/stable/technical-indicators/rsi,https://financialmodelingprep.com/stable/technical-indicators/rsi?symbol=AAPL&periodLength=10&timeframe=1day,https://site.financialmodelingprep.com/developer/docs,official_catalogue_verified_replacement,Replacement selected by matching endpoint purpose; current field compatibility must be checked.,Parameter names/values in official_example are documented. Additional sampling controls originate from workbook or live probes; not an exhaustive required/optional contract.,True,stock,"{""success"": 11}",11,See coverage requests; HTTP success does not prove semantic equivalence or optional parameter enforcement.
FMP-144,Technical Indicators,Average Directional Index API,https://financialmodelingprep.com/api/v3/technical_indicator/5min/{symbol},https://financialmodelingprep.com/api/v3/technical_indicator/5min/AAPL?type=adx&period=10,v3,The FMP ADX endpoint provides the Average Directional Index (ADX) for a security over a specified period of time.,Mapped from supplied text. Current availability not tested.,https://financialmodelingprep.com/stable/technical-indicators/adx,https://financialmodelingprep.com/stable/technical-indicators/adx?symbol=AAPL&periodLength=10&timeframe=1day,https://site.financialmodelingprep.com/developer/docs,official_catalogue_verified_replacement,Replacement selected by matching endpoint purpose; current field compatibility must be checked.,Parameter names/values in official_example are documented. Additional sampling controls originate from workbook or live probes; not an exhaustive required/optional contract.,True,stock,"{""success"": 11}",11,See coverage requests; HTTP success does not prove semantic equivalence or optional parameter enforcement.
FMP-145,Technical Indicators,Standard Deviation API,https://financialmodelingprep.com/api/v3/technical_indicator/5min/{symbol},https://financialmodelingprep.com/api/v3/technical_indicator/5min/AAPL?type=standardDeviation&period=10,v3,The FMP Standard Deviation endpoint provides the standard deviation of a security's closing price over a specified period of time,Mapped from supplied text. Current availability not tested.,https://financialmodelingprep.com/stable/technical-indicators/standarddeviation,https://financialmodelingprep.com/stable/technical-indicators/standarddeviation?symbol=AAPL&periodLength=10&timeframe=1day,https://site.financialmodelingprep.com/developer/docs,official_catalogue_verified_replacement,Replacement selected by matching endpoint purpose; current field compatibility must be checked.,Parameter names/values in official_example are documented. Additional sampling controls originate from workbook or live probes; not an exhaustive required/optional contract.,True,stock,"{""success"": 11}",11,See coverage requests; HTTP success does not prove semantic equivalence or optional parameter enforcement.
FMP-146,ETF Holdings,ETF Holding dates API,https://financialmodelingprep.com/api/v4/etf-holdings/portfolio-date,https://financialmodelingprep.com/api/v4/etf-holdings/portfolio-date?symbol=SPY,v4,"The FMP ETF Holding Dates endpoint provides a list of the dates on which ETF holdings are updated. For example, an investor may want to know when an ETF's holdings are updated in order to make sure that they are still aligned with their investment goals.",Mapped from supplied text. Current availability not tested.,https://financialmodelingprep.com/stable/funds/disclosure-dates,https://financialmodelingprep.com/stable/funds/disclosure-dates?symbol=VWO,https://site.financialmodelingprep.com/developer/docs,official_catalogue_verified_replacement,Funds disclosure dates; ETF support is tested rather than assumed.,Parameter names/values in official_example are documented. Additional sampling controls originate from workbook or live probes; not an exhaustive required/optional contract.,False,alternative_or_marketwide,"{""restricted"": 1, ""success"": 1}",0,See coverage requests; HTTP success does not prove semantic equivalence or optional parameter enforcement.
FMP-147,ETF Holdings,ETF Holdings API,https://financialmodelingprep.com/api/v4/etf-holdings,https://financialmodelingprep.com/api/v4/etf-holdings?date=2023-09-30&symbol=SPY,v4,"The FMP ETF Holdings endpoint provides a list of all the institutional investors that own shares of an ETF. For example, an investor may want to know which ETF has the highest exposure to a particular industry or sector. To find a list of all available dates for a particular holding, you can access them through ETF Holding dates. Please note that when utilizing this endpoint, ensure that the date you use is from the list of dates provided for the specific holding.",Mapped from supplied text. Current availability not tested.,https://financialmodelingprep.com/stable/funds/disclosure,https://financialmodelingprep.com/stable/funds/disclosure?symbol=VWO&year=2023&quarter=4,https://site.financialmodelingprep.com/developer/docs,official_catalogue_verified_replacement,Funds disclosure replacement; holdings date/filing semantics must be checked.,Parameter names/values in official_example are documented. Additional sampling controls originate from workbook or live probes; not an exhaustive required/optional contract.,False,alternative_or_marketwide,"{""restricted"": 1, ""success"": 1}",0,See coverage requests; HTTP success does not prove semantic equivalence or optional parameter enforcement.
FMP-148,ETF Holdings,ETF Holder API,https://financialmodelingprep.com/api/v3/etf-holder/SPY,https://financialmodelingprep.com/api/v3/etf-holder/SPY,v3,"This endpoint returns all stocks held by a specific ETF. Assets, share number, and weight are among the fields returned. For example you can get components of SPY, VOO and more.",Mapped from supplied text. Current availability not tested.,https://financialmodelingprep.com/stable/etf/holdings,https://financialmodelingprep.com/stable/etf/holdings?symbol=SPY,https://site.financialmodelingprep.com/developer/docs,official_catalogue_verified_replacement,Current ETF holdings endpoint; not an identical legacy report.,Parameter names/values in official_example are documented. Additional sampling controls originate from workbook or live probes; not an exhaustive required/optional contract.,False,alternative_or_marketwide,"{""restricted"": 1, ""success"": 1}",0,See coverage requests; HTTP success does not prove semantic equivalence or optional parameter enforcement.
FMP-149,ETF Holdings,ETF Information API,https://financialmodelingprep.com/api/v4/etf-info,https://financialmodelingprep.com/api/v4/etf-info?symbol=SPY,v4,"The FMP ETF Information endpoint provides basic information about an ETF, such as its ticker symbol, name, expense ratio, and asset under management. For example, an investor may want to compare the expense ratios of different ETFs to find the one that is most cost-effective.",Mapped from supplied text. Current availability not tested.,https://financialmodelingprep.com/stable/etf/info,https://financialmodelingprep.com/stable/etf/info?symbol=SPY,https://site.financialmodelingprep.com/developer/docs,official_catalogue_verified_replacement,Replacement selected by matching endpoint purpose; current field compatibility must be checked.,Parameter names/values in official_example are documented. Additional sampling controls originate from workbook or live probes; not an exhaustive required/optional contract.,False,alternative_or_marketwide,"{""success"": 1}",0,See coverage requests; HTTP success does not prove semantic equivalence or optional parameter enforcement.
FMP-150,ETF Holdings,ETF Sector Weighting API,https://financialmodelingprep.com/api/v3/etf-sector-weightings/QDVE.DE,https://financialmodelingprep.com/api/v3/etf-sector-weightings/QDVE.DE,v3,"The FMP ETF Sector Weighting endpoint provides a breakdown of the percentage of an ETF's assets that are invested in each sector. For example, an investor may want to invest in an ETF that has a high exposure to the technology sector if they believe that the technology sector is poised for growth.",Mapped from supplied text. Current availability not tested.,https://financialmodelingprep.com/stable/etf/sector-weightings,https://financialmodelingprep.com/stable/etf/sector-weightings?symbol=SPY,https://site.financialmodelingprep.com/developer/docs,official_catalogue_verified_replacement,Replacement selected by matching endpoint purpose; current field compatibility must be checked.,Parameter names/values in official_example are documented. Additional sampling controls originate from workbook or live probes; not an exhaustive required/optional contract.,False,alternative_or_marketwide,"{""success"": 1}",0,See coverage requests; HTTP success does not prove semantic equivalence or optional parameter enforcement.
FMP-151,ETF Holdings,ETF Country Weighting API,https://financialmodelingprep.com/api/v3/etf-country-weightings/QDVE.DE,https://financialmodelingprep.com/api/v3/etf-country-weightings/QDVE.DE,v3,"The FMP ETF Country Weighting endpoint provides a breakdown of the percentage of an ETF's assets that are invested in each country. For example, an investor may want to invest in an ETF that has a high exposure to China if they believe that the Chinese economy is poised for growth.",Mapped from supplied text. Current availability not tested.,https://financialmodelingprep.com/stable/etf/country-weightings,https://financialmodelingprep.com/stable/etf/country-weightings?symbol=SPY,https://site.financialmodelingprep.com/developer/docs,official_catalogue_verified_replacement,Replacement selected by matching endpoint purpose; current field compatibility must be checked.,Parameter names/values in official_example are documented. Additional sampling controls originate from workbook or live probes; not an exhaustive required/optional contract.,False,alternative_or_marketwide,"{""success"": 1}",0,See coverage requests; HTTP success does not prove semantic equivalence or optional parameter enforcement.
FMP-152,ETF Holdings,ETF Stock Exposure API,https://financialmodelingprep.com/api/v3/etf-stock-exposure/{symbol},https://financialmodelingprep.com/api/v3/etf-stock-exposure/AAPL,v3,"This endpoint returns asset exposure from all ETFs that have it in their holdings. It has properties like market value, share number or weight percentage. It can be useful for looking up stock you like to check what ETF has it on their portfolio.",Mapped from supplied text. Current availability not tested.,https://financialmodelingprep.com/stable/etf/asset-exposure,https://financialmodelingprep.com/stable/etf/asset-exposure?symbol=AAPL,https://site.financialmodelingprep.com/developer/docs,official_catalogue_verified_replacement,Replacement selected by matching endpoint purpose; current field compatibility must be checked.,Parameter names/values in official_example are documented. Additional sampling controls originate from workbook or live probes; not an exhaustive required/optional contract.,True,stock,"{""restricted"": 11, ""success"": 11}",11,See coverage requests; HTTP success does not prove semantic equivalence or optional parameter enforcement.
FMP-153,Mutual Funds Holdings,Mutual Fund dates API,https://financialmodelingprep.com/api/v4/mutual-fund-holdings/portfolio-date,https://financialmodelingprep.com/api/v4/mutual-fund-holdings/portfolio-date?symbol=VWO&cik=0000036405,v4,"The FMP Mutual Fund Dates endpoint provides a list of the dates on which mutual fund holdings are updated. This information can be used by investors to stay up-to-date on the latest changes to mutual fund portfolios. For example, an investor may want to know when a mutual fund's holdings are updated in order to make sure that they are still aligned with their investment goals.",Mapped from supplied text. Current availability not tested.,https://financialmodelingprep.com/stable/funds/disclosure-dates,https://financialmodelingprep.com/stable/funds/disclosure-dates?symbol=VWO,https://site.financialmodelingprep.com/developer/docs,official_catalogue_verified_replacement,Replacement selected by matching endpoint purpose; current field compatibility must be checked.,Parameter names/values in official_example are documented. Additional sampling controls originate from workbook or live probes; not an exhaustive required/optional contract.,False,alternative_or_marketwide,"{""restricted"": 1, ""success"": 1}",0,See coverage requests; HTTP success does not prove semantic equivalence or optional parameter enforcement.
FMP-154,Mutual Funds Holdings,Mutual Funds API,https://financialmodelingprep.com/api/v4/mutual-fund-holdings,https://financialmodelingprep.com/api/v4/mutual-fund-holdings?symbol=VWO&date=2023-08-31,v4,"The FMP Mutual Funds endpoint provides a list of all the mutual funds that are registered with the Securities and Exchange Commission (SEC). This information can be used by investors to identify potential investment opportunities. For example, an investor who is interested in investing in the technology sector may want to browse the list of mutual funds that track the S&P 500 index.",Mapped from supplied text. Current availability not tested.,https://financialmodelingprep.com/stable/funds/disclosure,https://financialmodelingprep.com/stable/funds/disclosure?symbol=VWO&year=2023&quarter=4,https://site.financialmodelingprep.com/developer/docs,official_catalogue_verified_replacement,Replacement selected by matching endpoint purpose; current field compatibility must be checked.,Parameter names/values in official_example are documented. Additional sampling controls originate from workbook or live probes; not an exhaustive required/optional contract.,False,alternative_or_marketwide,"{""empty"": 1, ""restricted"": 1}",0,See coverage requests; HTTP success does not prove semantic equivalence or optional parameter enforcement.
FMP-155,Mutual Funds Holdings,Mutual Fund by name API,https://financialmodelingprep.com/api/v4/mutual-fund-holdings/name,https://financialmodelingprep.com/api/v4/mutual-fund-holdings/name?name=Vanguard,v4,"The FMP Mutual Fund By Name endpoint provides detailed information about a specific mutual fund. This information includes the fund's ticker symbol, name, investment objective, expense ratio, and asset under management. Investors can use this information to learn more about a particular mutual fund before deciding whether to invest in it.",Mapped from supplied text. Current availability not tested.,https://financialmodelingprep.com/stable/funds/disclosure-holders-search,https://financialmodelingprep.com/stable/funds/disclosure-holders-search?name=Federated,https://site.financialmodelingprep.com/developer/docs,official_catalogue_verified_replacement,Replacement selected by matching endpoint purpose; current field compatibility must be checked.,Parameter names/values in official_example are documented. Additional sampling controls originate from workbook or live probes; not an exhaustive required/optional contract.,False,alternative_or_marketwide,"{""restricted"": 1, ""success"": 1}",0,See coverage requests; HTTP success does not prove semantic equivalence or optional parameter enforcement.
FMP-156,Mutual Funds Holdings,Mutual Fund Holder API,https://financialmodelingprep.com/api/v3/mutual-fund-holder/{symbol},https://financialmodelingprep.com/api/v3/mutual-fund-holder/AAPL,v3,"The FMP Mutual Fund Holder endpoint provides a list of all the institutional investors that own shares of a particular mutual fund. This information can be used by investors to track the ownership of a mutual fund and to identify potential trends. For example, an investor may want to know which institutions are buying or selling shares of a particular mutual fund.",Mapped from supplied text. Current availability not tested.,,,,no_current_replacement_verified,"Latest fund holders is a market-wide alternative, not equivalent legacy per-stock coverage.",Parameter names/values in official_example are documented. Additional sampling controls originate from workbook or live probes; not an exhaustive required/optional contract.,True,stock,"{""success"": 11}",11,See coverage requests; HTTP success does not prove semantic equivalence or optional parameter enforcement.
FMP-157,ESG,ESG Search API,https://financialmodelingprep.com/api/v4/esg-environmental-social-governance-data,https://financialmodelingprep.com/api/v4/esg-environmental-social-governance-data?symbol=AAPL,v4,"Find companies and funds that align with your ESG values with FMP's ESG Search tool. Search by ESG rating, performance, controversies, and business involvement screens.",Mapped from supplied text. Current availability not tested.,https://financialmodelingprep.com/stable/esg-disclosures,https://financialmodelingprep.com/stable/esg-disclosures?symbol=AAPL,https://site.financialmodelingprep.com/developer/docs,official_catalogue_verified_replacement,Replacement selected by matching endpoint purpose; current field compatibility must be checked.,Parameter names/values in official_example are documented. Additional sampling controls originate from workbook or live probes; not an exhaustive required/optional contract.,True,stock,"{""restricted"": 11, ""success"": 11}",11,See coverage requests; HTTP success does not prove semantic equivalence or optional parameter enforcement.
FMP-158,ESG,ESG Ratings API,https://financialmodelingprep.com/api/v4/esg-environmental-social-governance-data-ratings,https://financialmodelingprep.com/api/v4/esg-environmental-social-governance-data-ratings?symbol=AAPL,v4,"Get ESG ratings for companies and funds to make informed investment decisions. FMP's ESG Ratings are based on a variety of data sources, including corporate sustainability reports, ESG research firms, and government agencies.",Mapped from supplied text. Current availability not tested.,https://financialmodelingprep.com/stable/esg-ratings,https://financialmodelingprep.com/stable/esg-ratings?symbol=AAPL,https://site.financialmodelingprep.com/developer/docs,official_catalogue_verified_replacement,Replacement selected by matching endpoint purpose; current field compatibility must be checked.,Parameter names/values in official_example are documented. Additional sampling controls originate from workbook or live probes; not an exhaustive required/optional contract.,True,stock,"{""restricted"": 11, ""success"": 11}",11,See coverage requests; HTTP success does not prove semantic equivalence or optional parameter enforcement.
FMP-159,ESG,ESG Benchmark API,https://financialmodelingprep.com/api/v4/esg-environmental-social-governance-sector-benchmark,https://financialmodelingprep.com/api/v4/esg-environmental-social-governance-sector-benchmark?year=2022,v4,Compare the ESG performance of companies and funds to their peers with FMP's ESG Benchmark tool. Identify ESG leaders and laggards to make informed investment decisions.,Mapped from supplied text. Current availability not tested.,https://financialmodelingprep.com/stable/esg-benchmark,https://financialmodelingprep.com/stable/esg-benchmark,https://site.financialmodelingprep.com/developer/docs,official_catalogue_verified_replacement,Replacement selected by matching endpoint purpose; current field compatibility must be checked.,Parameter names/values in official_example are documented. Additional sampling controls originate from workbook or live probes; not an exhaustive required/optional contract.,False,alternative_or_marketwide,"{""restricted"": 1, ""success"": 1}",0,See coverage requests; HTTP success does not prove semantic equivalence or optional parameter enforcement.
FMP-160,Senate,Senate trading API,https://financialmodelingprep.com/api/v4/senate-trading,https://financialmodelingprep.com/api/v4/senate-trading?symbol=AAPL,v4,"Track the trading activity of US Senators and identify potential conflicts of interest with the FMP Senate Trading endpoint. This endpoint provides a list of all the trades that have been made by US Senators, including the date of the trade, the asset traded, the amount traded, and the price per share.",Mapped from supplied text. Current availability not tested.,https://financialmodelingprep.com/stable/senate-trades,https://financialmodelingprep.com/stable/senate-trades?symbol=AAPL,https://site.financialmodelingprep.com/developer/docs,official_catalogue_verified_replacement,Replacement selected by matching endpoint purpose; current field compatibility must be checked.,Parameter names/values in official_example are documented. Additional sampling controls originate from workbook or live probes; not an exhaustive required/optional contract.,True,stock,"{""success"": 11}",11,See coverage requests; HTTP success does not prove semantic equivalence or optional parameter enforcement.
FMP-161,Senate,Senate trading RSS Feed API,https://financialmodelingprep.com/api/v4/senate-trading-rss-feed,https://financialmodelingprep.com/api/v4/senate-trading-rss-feed?page=0,v4,"Stay up-to-date on the trading activity of US Senators and identify potential conflicts of interest with the FMP Senate Trading RSS Feed. This feed provides real-time updates on all the trades that are made by US Senators, including the same information as the Senate Trading endpoint.",Mapped from supplied text. Current availability not tested.,https://financialmodelingprep.com/stable/senate-latest,https://financialmodelingprep.com/stable/senate-latest?page=0&limit=100,https://site.financialmodelingprep.com/developer/docs,official_catalogue_verified_replacement,Replacement selected by matching endpoint purpose; current field compatibility must be checked.,Parameter names/values in official_example are documented. Additional sampling controls originate from workbook or live probes; not an exhaustive required/optional contract.,False,alternative_or_marketwide,"{""success"": 1}",0,See coverage requests; HTTP success does not prove semantic equivalence or optional parameter enforcement.
FMP-162,Senate,House Disclosure API,https://financialmodelingprep.com/api/v4/senate-disclosure,https://financialmodelingprep.com/api/v4/senate-disclosure?symbol=AAPL,v4,,Mapped from supplied text. Current availability not tested.,https://financialmodelingprep.com/stable/house-trades,https://financialmodelingprep.com/stable/house-trades?symbol=AAPL,https://site.financialmodelingprep.com/developer/docs,official_catalogue_verified_replacement,Replacement selected by matching endpoint purpose; current field compatibility must be checked.,Parameter names/values in official_example are documented. Additional sampling controls originate from workbook or live probes; not an exhaustive required/optional contract.,True,stock,"{""success"": 11}",11,See coverage requests; HTTP success does not prove semantic equivalence or optional parameter enforcement.
FMP-163,Senate,House Disclosure RSS Feed API,https://financialmodelingprep.com/api/v4/senate-disclosure-rss-feed,https://financialmodelingprep.com/api/v4/senate-disclosure-rss-feed?page=0,v4,"Stay up-to-date on the financial interests of House Representative and identify potential conflicts of interest with the FMP House Disclosure RSS Feed. This feed provides real-time updates on all the financial disclosures that are made by House Representative, including the same information as the House Disclosure endpoint.",Mapped from supplied text. Current availability not tested.,https://financialmodelingprep.com/stable/house-latest,https://financialmodelingprep.com/stable/house-latest?page=0&limit=100,https://site.financialmodelingprep.com/developer/docs,official_catalogue_verified_replacement,Replacement selected by matching endpoint purpose; current field compatibility must be checked.,Parameter names/values in official_example are documented. Additional sampling controls originate from workbook or live probes; not an exhaustive required/optional contract.,False,alternative_or_marketwide,"{""success"": 1}",0,See coverage requests; HTTP success does not prove semantic equivalence or optional parameter enforcement.
FMP-164,Market Performance,Market Index API,https://financialmodelingprep.com/api/v3/quotes/index,https://financialmodelingprep.com/api/v3/quotes/index,v3,"The FMP Market Index endpoint provides a list of all the major stock market indices, such as the S&P 500, the Dow Jones Industrial Average, and the Nasdaq Composite Index. This information can be used by investors to track the performance of the overall stock market and to identify sectors and industries that are outperforming or underperforming the market.",Mapped from supplied text. Current availability not tested.,https://financialmodelingprep.com/stable/batch-index-quotes,https://financialmodelingprep.com/stable/batch-index-quotes,https://site.financialmodelingprep.com/developer/docs,official_catalogue_verified_replacement,Replacement selected by matching endpoint purpose; current field compatibility must be checked.,Parameter names/values in official_example are documented. Additional sampling controls originate from workbook or live probes; not an exhaustive required/optional contract.,False,alternative_or_marketwide,"{""restricted"": 1, ""success"": 1}",0,See coverage requests; HTTP success does not prove semantic equivalence or optional parameter enforcement.
FMP-165,Market Performance,Sector PE Ratio API,https://financialmodelingprep.com/api/v4/sector_price_earning_ratio,https://financialmodelingprep.com/api/v4/sector_price_earning_ratio?date=2023-10-10&exchange=NYSE,v4,The FMP Sector PE Ratio endpoint provides the price-to-earnings (PE) ratio for each sector of the stock market. The PE ratio is a measure of how expensive a stock is relative to its earnings. Investors can use the sector PE ratio to identify sectors that are overvalued or undervalued.,Mapped from supplied text. Current availability not tested.,https://financialmodelingprep.com/stable/sector-pe-snapshot,https://financialmodelingprep.com/stable/sector-pe-snapshot?date=2024-02-01,https://site.financialmodelingprep.com/developer/docs,official_catalogue_verified_replacement,Replacement selected by matching endpoint purpose; current field compatibility must be checked.,Parameter names/values in official_example are documented. Additional sampling controls originate from workbook or live probes; not an exhaustive required/optional contract.,False,alternative_or_marketwide,"{""success"": 1}",0,See coverage requests; HTTP success does not prove semantic equivalence or optional parameter enforcement.
FMP-166,Market Performance,Industry PE Ratio API,https://financialmodelingprep.com/api/v4/industry_price_earning_ratio,https://financialmodelingprep.com/api/v4/industry_price_earning_ratio?date=2023-10-10&exchange=NYSE,v4,The FMP Industry PE Ratio endpoint provides the price-to-earnings (PE) ratio for each industry of the stock market. The PE ratio is a measure of how expensive a stock is relative to its earnings. Investors can use the industry PE ratio to identify industries that are overvalued or undervalued.,Mapped from supplied text. Current availability not tested.,https://financialmodelingprep.com/stable/industry-pe-snapshot,https://financialmodelingprep.com/stable/industry-pe-snapshot?date=2024-02-01,https://site.financialmodelingprep.com/developer/docs,official_catalogue_verified_replacement,Replacement selected by matching endpoint purpose; current field compatibility must be checked.,Parameter names/values in official_example are documented. Additional sampling controls originate from workbook or live probes; not an exhaustive required/optional contract.,False,alternative_or_marketwide,"{""success"": 1}",0,See coverage requests; HTTP success does not prove semantic equivalence or optional parameter enforcement.
FMP-167,Market Performance,Sector Performance API,https://financialmodelingprep.com/api/v3/sectors-performance,https://financialmodelingprep.com/api/v3/sectors-performance,v3,The FMP Sector Performance endpoint provides the performance of each sector of the stock market over a specified period of time. This information can be used by investors to identify sectors that are outperforming or underperforming the market.,Mapped from supplied text. Current availability not tested.,https://financialmodelingprep.com/stable/sector-performance-snapshot,https://financialmodelingprep.com/stable/sector-performance-snapshot?date=2024-02-01,https://site.financialmodelingprep.com/developer/docs,official_catalogue_verified_replacement,Replacement selected by matching endpoint purpose; current field compatibility must be checked.,Parameter names/values in official_example are documented. Additional sampling controls originate from workbook or live probes; not an exhaustive required/optional contract.,False,alternative_or_marketwide,"{""success"": 1}",0,See coverage requests; HTTP success does not prove semantic equivalence or optional parameter enforcement.
FMP-168,Market Performance,Sector Historical API,https://financialmodelingprep.com/api/v3/historical-sectors-performance,https://financialmodelingprep.com/api/v3/historical-sectors-performance?from=2024-01-01&to=2024-03-01,v3,The FMP Sector Historical endpoint provides historical data on the performance of each sector of the stock market. This information can be used by investors to identify trends in sector performance and to make informed investment decisions.,Mapped from supplied text. Current availability not tested.,https://financialmodelingprep.com/stable/historical-sector-performance,https://financialmodelingprep.com/stable/historical-sector-performance?sector=Energy,https://site.financialmodelingprep.com/developer/docs,official_catalogue_verified_replacement,Replacement selected by matching endpoint purpose; current field compatibility must be checked.,Parameter names/values in official_example are documented. Additional sampling controls originate from workbook or live probes; not an exhaustive required/optional contract.,False,alternative_or_marketwide,"{""success"": 1}",0,See coverage requests; HTTP success does not prove semantic equivalence or optional parameter enforcement.
FMP-169,Market Performance,Market Biggest Gainers API,https://financialmodelingprep.com/api/v3/stock_market/gainers,https://financialmodelingprep.com/api/v3/stock_market/gainers,v3,The FMP Market Biggest Gainers endpoint provides a list of the stocks that have gained the most value on a given day. This information can be used by investors to identify stocks that are momentum and to potential investment opportunities.,Mapped from supplied text. Current availability not tested.,https://financialmodelingprep.com/stable/biggest-gainers,https://financialmodelingprep.com/stable/biggest-gainers,https://site.financialmodelingprep.com/developer/docs,official_catalogue_verified_replacement,Replacement selected by matching endpoint purpose; current field compatibility must be checked.,Parameter names/values in official_example are documented. Additional sampling controls originate from workbook or live probes; not an exhaustive required/optional contract.,False,alternative_or_marketwide,"{""success"": 1}",0,See coverage requests; HTTP success does not prove semantic equivalence or optional parameter enforcement.
FMP-170,Market Performance,Market Biggest Losers API,https://financialmodelingprep.com/api/v3/stock_market/losers,https://financialmodelingprep.com/api/v3/stock_market/losers,v3,The FMP Market Biggest Losers endpoint provides a list of the stocks that have lost the most value on a given day. This information can be used by investors to identify stocks that are underperforming and to potential trading opportunities.,Mapped from supplied text. Current availability not tested.,https://financialmodelingprep.com/stable/biggest-losers,https://financialmodelingprep.com/stable/biggest-losers,https://site.financialmodelingprep.com/developer/docs,official_catalogue_verified_replacement,Replacement selected by matching endpoint purpose; current field compatibility must be checked.,Parameter names/values in official_example are documented. Additional sampling controls originate from workbook or live probes; not an exhaustive required/optional contract.,False,alternative_or_marketwide,"{""success"": 1}",0,See coverage requests; HTTP success does not prove semantic equivalence or optional parameter enforcement.
FMP-171,Market Performance,Market Most Active API,https://financialmodelingprep.com/api/v3/stock_market/actives,https://financialmodelingprep.com/api/v3/stock_market/actives,v3,The FMP Market Most Active endpoint provides a list of the stocks that have the highest trading volume on a given day. This information can be used by investors to identify stocks that are liquid and to potential trading opportunities.,Mapped from supplied text. Current availability not tested.,https://financialmodelingprep.com/stable/most-actives,https://financialmodelingprep.com/stable/most-actives,https://site.financialmodelingprep.com/developer/docs,official_catalogue_verified_replacement,Replacement selected by matching endpoint purpose; current field compatibility must be checked.,Parameter names/values in official_example are documented. Additional sampling controls originate from workbook or live probes; not an exhaustive required/optional contract.,False,alternative_or_marketwide,"{""success"": 1}",0,See coverage requests; HTTP success does not prove semantic equivalence or optional parameter enforcement.
FMP-172,Market Performance,Analysis By Symbol API,https://financialmodelingprep.com/api/v4/commitment_of_traders_report_analysis/M6,https://financialmodelingprep.com/api/v4/commitment_of_traders_report_analysis/M6,v4,Provides an analysis of the Commitment of Traders (COT) report for a given symbol.,Mapped from supplied text. Current availability not tested.,https://financialmodelingprep.com/stable/commitment-of-traders-analysis,https://financialmodelingprep.com/stable/commitment-of-traders-analysis,https://site.financialmodelingprep.com/developer/docs,official_catalogue_verified_replacement,Replacement selected by matching endpoint purpose; current field compatibility must be checked.,Parameter names/values in official_example are documented. Additional sampling controls originate from workbook or live probes; not an exhaustive required/optional contract.,False,alternative_or_marketwide,"{""restricted"": 1, ""success"": 1}",0,See coverage requests; HTTP success does not prove semantic equivalence or optional parameter enforcement.
FMP-173,Market Performance,Analysis By Dates API,https://financialmodelingprep.com/api/v4/commitment_of_traders_report_analysis,https://financialmodelingprep.com/api/v4/commitment_of_traders_report_analysis?from=2023-08-10&to=2023-10-10,v4,Provides an analysis of the Commitment of Traders (COT) report for a given date range.,Mapped from supplied text. Current availability not tested.,https://financialmodelingprep.com/stable/commitment-of-traders-analysis,https://financialmodelingprep.com/stable/commitment-of-traders-analysis,https://site.financialmodelingprep.com/developer/docs,official_catalogue_verified_replacement,Replacement selected by matching endpoint purpose; current field compatibility must be checked.,Parameter names/values in official_example are documented. Additional sampling controls originate from workbook or live probes; not an exhaustive required/optional contract.,False,alternative_or_marketwide,"{""restricted"": 1, ""success"": 1}",0,See coverage requests; HTTP success does not prove semantic equivalence or optional parameter enforcement.
FMP-174,Market Performance,Report By Symbol API,https://financialmodelingprep.com/api/v4/commitment_of_traders_report/M6,https://financialmodelingprep.com/api/v4/commitment_of_traders_report/M6,v4,Provides a full Commitment of Traders (COT) report for a given symbol.,Mapped from supplied text. Current availability not tested.,https://financialmodelingprep.com/stable/commitment-of-traders-report,https://financialmodelingprep.com/stable/commitment-of-traders-report,https://site.financialmodelingprep.com/developer/docs,official_catalogue_verified_replacement,Replacement selected by matching endpoint purpose; current field compatibility must be checked.,Parameter names/values in official_example are documented. Additional sampling controls originate from workbook or live probes; not an exhaustive required/optional contract.,False,alternative_or_marketwide,"{""bounded_download"": 1, ""restricted"": 1}",0,See coverage requests; HTTP success does not prove semantic equivalence or optional parameter enforcement.
FMP-175,Market Performance,Report By Dates API,https://financialmodelingprep.com/api/v4/commitment_of_traders_report,https://financialmodelingprep.com/api/v4/commitment_of_traders_report?from=2023-08-10&to=2023-10-10,v4,Provides a full Commitment of Traders (COT) report for a given date range.,Mapped from supplied text. Current availability not tested.,https://financialmodelingprep.com/stable/commitment-of-traders-report,https://financialmodelingprep.com/stable/commitment-of-traders-report,https://site.financialmodelingprep.com/developer/docs,official_catalogue_verified_replacement,Replacement selected by matching endpoint purpose; current field compatibility must be checked.,Parameter names/values in official_example are documented. Additional sampling controls originate from workbook or live probes; not an exhaustive required/optional contract.,False,alternative_or_marketwide,"{""restricted"": 1, ""success"": 1}",0,See coverage requests; HTTP success does not prove semantic equivalence or optional parameter enforcement.
FMP-176,13F - Institutional Stock Ownership,Form 13F API,https://financialmodelingprep.com/api/v3/form-thirteen/{cik_or_cusip},https://financialmodelingprep.com/api/v3/form-thirteen/0001388838?date=2021-09-30,v3,Provides quarterly reports on the equity holdings of institutional investment managers with over $100 million in assets under management.,Mapped from supplied text. Current availability not tested.,https://financialmodelingprep.com/stable/institutional-ownership/extract,https://financialmodelingprep.com/stable/institutional-ownership/extract?cik=0001388838&year=2023&quarter=3,https://site.financialmodelingprep.com/developer/docs,official_catalogue_verified_replacement,Replacement selected by matching endpoint purpose; current field compatibility must be checked.,Parameter names/values in official_example are documented. Additional sampling controls originate from workbook or live probes; not an exhaustive required/optional contract.,False,alternative_or_marketwide,"{""restricted"": 1, ""success"": 1}",0,See coverage requests; HTTP success does not prove semantic equivalence or optional parameter enforcement.
FMP-177,13F - Institutional Stock Ownership,Form 13F dates API,https://financialmodelingprep.com/api/v3/form-thirteen-date/{cik_or_cusip},https://financialmodelingprep.com/api/v3/form-thirteen-date/0001067983,v3,Provides the dates on which Form 13F reports are filed.,Mapped from supplied text. Current availability not tested.,https://financialmodelingprep.com/stable/institutional-ownership/dates,https://financialmodelingprep.com/stable/institutional-ownership/dates?cik=0001067983,https://site.financialmodelingprep.com/developer/docs,official_catalogue_verified_replacement,Replacement selected by matching endpoint purpose; current field compatibility must be checked.,Parameter names/values in official_example are documented. Additional sampling controls originate from workbook or live probes; not an exhaustive required/optional contract.,False,alternative_or_marketwide,"{""restricted"": 1, ""success"": 1}",0,See coverage requests; HTTP success does not prove semantic equivalence or optional parameter enforcement.
FMP-178,13F - Institutional Stock Ownership,13F Asset Allocation API,https://financialmodelingprep.com/api/v4/13f-asset-allocation,https://financialmodelingprep.com/api/v4/13f-asset-allocation?date=2021-09-30,v4,"Provides the asset allocation of institutional investment managers, including their holdings of stocks, bonds, and other assets.",Mapped from supplied text. Current availability not tested.,,,,no_current_replacement_verified,No exact stable equivalent verified; original workbook route will be tested where HTTP sampling is possible.,Parameter names/values in official_example are documented. Additional sampling controls originate from workbook or live probes; not an exhaustive required/optional contract.,False,alternative_or_marketwide,"{""restricted"": 1}",0,See coverage requests; HTTP success does not prove semantic equivalence or optional parameter enforcement.
FMP-179,13F - Institutional Stock Ownership,13F Asset Allocation dates API,https://financialmodelingprep.com/api/v4/13f-asset-allocation-date,https://financialmodelingprep.com/api/v4/13f-asset-allocation-date,v4,Provides the dates on which 3F asset allocation data is updated.,Mapped from supplied text. Current availability not tested.,https://financialmodelingprep.com/stable/institutional-ownership/dates,https://financialmodelingprep.com/stable/institutional-ownership/dates?cik=0001067983,https://site.financialmodelingprep.com/developer/docs,official_catalogue_verified_replacement,Replacement selected by matching endpoint purpose; current field compatibility must be checked.,Parameter names/values in official_example are documented. Additional sampling controls originate from workbook or live probes; not an exhaustive required/optional contract.,False,alternative_or_marketwide,"{""restricted"": 2}",0,See coverage requests; HTTP success does not prove semantic equivalence or optional parameter enforcement.
FMP-180,13F - Institutional Stock Ownership,Institutional Holders List API,https://financialmodelingprep.com/api/v4/institutional-ownership/list,https://financialmodelingprep.com/api/v4/institutional-ownership/list,v4,Provides a list of all institutional investment managers that are required to file Form 13F reports.,Mapped from supplied text. Current availability not tested.,,,,no_current_replacement_verified,No exact stable equivalent verified; original workbook route will be tested where HTTP sampling is possible.,Parameter names/values in official_example are documented. Additional sampling controls originate from workbook or live probes; not an exhaustive required/optional contract.,False,alternative_or_marketwide,"{""restricted"": 1}",0,See coverage requests; HTTP success does not prove semantic equivalence or optional parameter enforcement.
FMP-181,13F - Institutional Stock Ownership,Institutional Holders Search API,https://financialmodelingprep.com/api/v4/institutional-ownership/name,https://financialmodelingprep.com/api/v4/institutional-ownership/name?name=Berkshire Hathaway,v4,"Allows users to search for institutional investment managers by name, ticker symbol, or CUSIP number.",Mapped from supplied text. Current availability not tested.,,,,no_current_replacement_verified,No exact stable equivalent verified; original workbook route will be tested where HTTP sampling is possible.,Parameter names/values in official_example are documented. Additional sampling controls originate from workbook or live probes; not an exhaustive required/optional contract.,False,alternative_or_marketwide,"{""restricted"": 1}",0,See coverage requests; HTTP success does not prove semantic equivalence or optional parameter enforcement.
FMP-182,13F - Institutional Stock Ownership,Portfolio Holdings dates API,https://financialmodelingprep.com/api/v4/institutional-ownership/portfolio-date,https://financialmodelingprep.com/api/v4/institutional-ownership/portfolio-date?cik=0001067983,v4,Provides the dates on which portfolio holdings data is updated.,Mapped from supplied text. Current availability not tested.,https://financialmodelingprep.com/stable/institutional-ownership/dates,https://financialmodelingprep.com/stable/institutional-ownership/dates?cik=0001067983,https://site.financialmodelingprep.com/developer/docs,official_catalogue_verified_replacement,Replacement selected by matching endpoint purpose; current field compatibility must be checked.,Parameter names/values in official_example are documented. Additional sampling controls originate from workbook or live probes; not an exhaustive required/optional contract.,False,alternative_or_marketwide,"{""restricted"": 2}",0,See coverage requests; HTTP success does not prove semantic equivalence or optional parameter enforcement.
FMP-183,13F - Institutional Stock Ownership,Institutional Holder RSS API,https://financialmodelingprep.com/api/v4/institutional-ownership/rss_feed,https://financialmodelingprep.com/api/v4/institutional-ownership/rss_feed?page=0,v4,Provides an RSS feed of institutional holder data.,Mapped from supplied text. Current availability not tested.,https://financialmodelingprep.com/stable/institutional-ownership/latest,https://financialmodelingprep.com/stable/institutional-ownership/latest?page=0&limit=100,https://site.financialmodelingprep.com/developer/docs,official_catalogue_verified_replacement,Replacement selected by matching endpoint purpose; current field compatibility must be checked.,Parameter names/values in official_example are documented. Additional sampling controls originate from workbook or live probes; not an exhaustive required/optional contract.,False,alternative_or_marketwide,"{""restricted"": 2}",0,See coverage requests; HTTP success does not prove semantic equivalence or optional parameter enforcement.
FMP-184,13F - Institutional Stock Ownership,Institutional Stock Ownership API,https://financialmodelingprep.com/api/v4/institutional-ownership/symbol-ownership,https://financialmodelingprep.com/api/v4/institutional-ownership/symbol-ownership?symbol=AAPL&includeCurrentQuarter=false,v4,Provides the institutional ownership of individual stocks.,Mapped from supplied text. Current availability not tested.,https://financialmodelingprep.com/stable/institutional-ownership/symbol-positions-summary,https://financialmodelingprep.com/stable/institutional-ownership/symbol-positions-summary?symbol=AAPL&year=2023&quarter=3,https://site.financialmodelingprep.com/developer/docs,official_catalogue_verified_replacement,Replacement selected by matching endpoint purpose; current field compatibility must be checked.,Parameter names/values in official_example are documented. Additional sampling controls originate from workbook or live probes; not an exhaustive required/optional contract.,True,stock,"{""restricted"": 22}",0,See coverage requests; HTTP success does not prove semantic equivalence or optional parameter enforcement.
FMP-185,13F - Institutional Stock Ownership,Stock Ownership By Holders API,https://financialmodelingprep.com/api/v4/institutional-ownership/institutional-holders/symbol-ownership-percent,https://financialmodelingprep.com/api/v4/institutional-ownership/institutional-holders/symbol-ownership-percent?date=2021-09-30&symbol=AAPL,v4,"Provides the stock ownership of individual holders, including institutional and individual investors.",Mapped from supplied text. Current availability not tested.,,,,no_current_replacement_verified,No exact stable equivalent verified; original workbook route will be tested where HTTP sampling is possible.,Parameter names/values in official_example are documented. Additional sampling controls originate from workbook or live probes; not an exhaustive required/optional contract.,True,stock,"{""restricted"": 11}",0,See coverage requests; HTTP success does not prove semantic equivalence or optional parameter enforcement.
FMP-186,13F - Institutional Stock Ownership,Portfolio Holdings Summary API,https://financialmodelingprep.com/api/v4/institutional-ownership/portfolio-holdings-summary,https://financialmodelingprep.com/api/v4/institutional-ownership/portfolio-holdings-summary?cik=0001067983&page=0,v4,"Provides a summary of portfolio holdings, including the top holdings, sector allocation, and industry allocation.",Mapped from supplied text. Current availability not tested.,https://financialmodelingprep.com/stable/institutional-ownership/holder-performance-summary,https://financialmodelingprep.com/stable/institutional-ownership/holder-performance-summary?cik=0001067983&page=0,https://site.financialmodelingprep.com/developer/docs,official_catalogue_verified_replacement,Replacement selected by matching endpoint purpose; current field compatibility must be checked.,Parameter names/values in official_example are documented. Additional sampling controls originate from workbook or live probes; not an exhaustive required/optional contract.,False,alternative_or_marketwide,"{""restricted"": 2}",0,See coverage requests; HTTP success does not prove semantic equivalence or optional parameter enforcement.
FMP-187,13F - Institutional Stock Ownership,Industry Ownership Summary API,https://financialmodelingprep.com/api/v4/institutional-ownership/industry/portfolio-holdings-summary,https://financialmodelingprep.com/api/v4/institutional-ownership/industry/portfolio-holdings-summary?cik=0001067983&date=2023-06-30,v4,"Provides a summary of industry ownership, including the top industries and the institutional ownership of each industry.",Mapped from supplied text. Current availability not tested.,https://financialmodelingprep.com/stable/institutional-ownership/industry-summary,https://financialmodelingprep.com/stable/institutional-ownership/industry-summary?year=2023&quarter=3,https://site.financialmodelingprep.com/developer/docs,official_catalogue_verified_replacement,Replacement selected by matching endpoint purpose; current field compatibility must be checked.,Parameter names/values in official_example are documented. Additional sampling controls originate from workbook or live probes; not an exhaustive required/optional contract.,False,alternative_or_marketwide,"{""restricted"": 2}",0,See coverage requests; HTTP success does not prove semantic equivalence or optional parameter enforcement.
FMP-188,13F - Institutional Stock Ownership,Ownership By Shares Held API,https://financialmodelingprep.com/api/v4/institutional-ownership/institutional-holders/symbol-ownership,https://financialmodelingprep.com/api/v4/institutional-ownership/institutional-holders/symbol-ownership?page=0&date=2021-09-30&symbol=AAPL,v4,Provides the ownership of stocks by number of shares held.,Mapped from supplied text. Current availability not tested.,,,,no_current_replacement_verified,No exact stable equivalent verified; original workbook route will be tested where HTTP sampling is possible.,Parameter names/values in official_example are documented. Additional sampling controls originate from workbook or live probes; not an exhaustive required/optional contract.,True,stock,"{""restricted"": 11}",0,See coverage requests; HTTP success does not prove semantic equivalence or optional parameter enforcement.
FMP-189,13F - Institutional Stock Ownership,Portfolio Composition API,https://financialmodelingprep.com/api/v4/institutional-ownership/portfolio-holdings,https://financialmodelingprep.com/api/v4/institutional-ownership/portfolio-holdings?date=2023-06-30&cik=0001067983&page=0,v4,"Provides the composition of portfolios, including the asset allocation, sector allocation, and industry allocation.",Mapped from supplied text. Current availability not tested.,https://financialmodelingprep.com/stable/institutional-ownership/extract,https://financialmodelingprep.com/stable/institutional-ownership/extract?cik=0001388838&year=2023&quarter=3,https://site.financialmodelingprep.com/developer/docs,official_catalogue_verified_replacement,Replacement selected by matching endpoint purpose; current field compatibility must be checked.,Parameter names/values in official_example are documented. Additional sampling controls originate from workbook or live probes; not an exhaustive required/optional contract.,False,alternative_or_marketwide,"{""restricted"": 2}",0,See coverage requests; HTTP success does not prove semantic equivalence or optional parameter enforcement.
FMP-190,13F - Institutional Stock Ownership,Institutional Holder API,https://financialmodelingprep.com/api/v3/institutional-holder/{symbol},https://financialmodelingprep.com/api/v3/institutional-holder/AAPL,v3,"Provides detailed information on individual institutional investment managers, including their holdings, contact information, and investment style.",Mapped from supplied text. Current availability not tested.,,,,no_current_replacement_verified,No exact stable equivalent verified; original workbook route will be tested where HTTP sampling is possible.,Parameter names/values in official_example are documented. Additional sampling controls originate from workbook or live probes; not an exhaustive required/optional contract.,True,stock,"{""success"": 11}",11,See coverage requests; HTTP success does not prove semantic equivalence or optional parameter enforcement.
FMP-191,Insider Trading,Insider Trades RSS API,https://financialmodelingprep.com/api/v4/insider-trading-rss-feed,https://financialmodelingprep.com/api/v4/insider-trading-rss-feed?page=0,v4,"Provides an RSS feed of insider trades, updated in real time.",Mapped from supplied text. Current availability not tested.,https://financialmodelingprep.com/stable/insider-trading/latest,https://financialmodelingprep.com/stable/insider-trading/latest?page=0&limit=100,https://site.financialmodelingprep.com/developer/docs,official_catalogue_verified_replacement,Replacement selected by matching endpoint purpose; current field compatibility must be checked.,Parameter names/values in official_example are documented. Additional sampling controls originate from workbook or live probes; not an exhaustive required/optional contract.,False,alternative_or_marketwide,"{""success"": 1}",0,See coverage requests; HTTP success does not prove semantic equivalence or optional parameter enforcement.
FMP-192,Insider Trading,Insider Trades Search API,https://financialmodelingprep.com/api/v4/insider-trading,https://financialmodelingprep.com/api/v4/insider-trading?symbol=AAPL&page=0,v4,"Allows users to search for insider trades by company name, ticker symbol, or insider name.",Mapped from supplied text. Current availability not tested.,https://financialmodelingprep.com/stable/insider-trading/search,https://financialmodelingprep.com/stable/insider-trading/search?page=0&limit=100,https://site.financialmodelingprep.com/developer/docs,official_catalogue_verified_replacement,Replacement selected by matching endpoint purpose; current field compatibility must be checked.,Parameter names/values in official_example are documented. Additional sampling controls originate from workbook or live probes; not an exhaustive required/optional contract.,True,stock,"{""success"": 11}",11,See coverage requests; HTTP success does not prove semantic equivalence or optional parameter enforcement.
FMP-193,Insider Trading,Insider Trades Search API,https://financialmodelingprep.com/api/v4/insider-trading,https://financialmodelingprep.com/api/v4/insider-trading?page=0,v4,"Allows users to search for insider trades by company name, ticker symbol, or insider name.",Mapped from supplied text. Current availability not tested.,https://financialmodelingprep.com/stable/insider-trading/search,https://financialmodelingprep.com/stable/insider-trading/search?page=0&limit=100,https://site.financialmodelingprep.com/developer/docs,official_catalogue_verified_replacement,Replacement selected by matching endpoint purpose; current field compatibility must be checked.,Parameter names/values in official_example are documented. Additional sampling controls originate from workbook or live probes; not an exhaustive required/optional contract.,False,alternative_or_marketwide,"{""success"": 12}",11,See coverage requests; HTTP success does not prove semantic equivalence or optional parameter enforcement.
FMP-194,Insider Trading,Transaction Types API,https://financialmodelingprep.com/api/v4/insider-trading-transaction-type,https://financialmodelingprep.com/api/v4/insider-trading-transaction-type,v4,"Provides a list of all insider transaction types, such as purchases, sales, and gifts.",Mapped from supplied text. Current availability not tested.,https://financialmodelingprep.com/stable/insider-trading-transaction-type,https://financialmodelingprep.com/stable/insider-trading-transaction-type,https://site.financialmodelingprep.com/developer/docs,official_catalogue_verified_replacement,Replacement selected by matching endpoint purpose; current field compatibility must be checked.,Parameter names/values in official_example are documented. Additional sampling controls originate from workbook or live probes; not an exhaustive required/optional contract.,False,alternative_or_marketwide,"{""success"": 1}",0,See coverage requests; HTTP success does not prove semantic equivalence or optional parameter enforcement.
FMP-195,Insider Trading,Insiders By symbol API,https://financialmodelingprep.com/api/v4/insider-roaster,https://financialmodelingprep.com/api/v4/insider-roaster?symbol=AAPL,v4,,Mapped from supplied text. Current availability not tested.,,,,no_current_replacement_verified,No exact stable equivalent verified; original workbook route will be tested where HTTP sampling is possible.,Parameter names/values in official_example are documented. Additional sampling controls originate from workbook or live probes; not an exhaustive required/optional contract.,True,stock,"{""success"": 11}",11,See coverage requests; HTTP success does not prove semantic equivalence or optional parameter enforcement.
FMP-196,Insider Trading,Insider Trade Statistics API,https://financialmodelingprep.com/api/v4/insider-roaster-statistic,https://financialmodelingprep.com/api/v4/insider-roaster-statistic?symbol=AAPL,v4,"Provides statistics on insider trading activity, such as the total number of insider trades, the average value of insider trades, and the most popular insider stocks.",Mapped from supplied text. Current availability not tested.,https://financialmodelingprep.com/stable/insider-trading/statistics,https://financialmodelingprep.com/stable/insider-trading/statistics?symbol=AAPL,https://site.financialmodelingprep.com/developer/docs,official_catalogue_verified_replacement,Replacement selected by matching endpoint purpose; current field compatibility must be checked.,Parameter names/values in official_example are documented. Additional sampling controls originate from workbook or live probes; not an exhaustive required/optional contract.,True,stock,"{""success"": 11}",11,See coverage requests; HTTP success does not prove semantic equivalence or optional parameter enforcement.
FMP-197,Insider Trading,CIK Mapper API,https://financialmodelingprep.com/api/v4/mapper-cik-name,https://financialmodelingprep.com/api/v4/mapper-cik-name?page=0,v4,Converts a CIK number to a company name.,Mapped from supplied text. Current availability not tested.,,,,no_current_replacement_verified,No exact stable equivalent verified; original workbook route will be tested where HTTP sampling is possible.,Parameter names/values in official_example are documented. Additional sampling controls originate from workbook or live probes; not an exhaustive required/optional contract.,False,alternative_or_marketwide,"{""empty"": 1}",0,See coverage requests; HTTP success does not prove semantic equivalence or optional parameter enforcement.
FMP-198,Insider Trading,CIK Mapper By name API,https://financialmodelingprep.com/api/v4/mapper-cik-name,https://financialmodelingprep.com/api/v4/mapper-cik-name?name=zuckerberg&page=0,v4,Converts a company name to a CIK number.,Mapped from supplied text. Current availability not tested.,,,,no_current_replacement_verified,No exact stable equivalent verified; original workbook route will be tested where HTTP sampling is possible.,Parameter names/values in official_example are documented. Additional sampling controls originate from workbook or live probes; not an exhaustive required/optional contract.,False,alternative_or_marketwide,"{""success"": 1}",0,See coverage requests; HTTP success does not prove semantic equivalence or optional parameter enforcement.
FMP-199,Insider Trading,CIK Mapper By Symbol API,https://financialmodelingprep.com/api/v4/mapper-cik-company/{symbol},https://financialmodelingprep.com/api/v4/mapper-cik-company/MSFT,v4,Provides a list of all CIK numbers and corresponding company names.,Mapped from supplied text. Current availability not tested.,,,,no_current_replacement_verified,No exact stable equivalent verified; original workbook route will be tested where HTTP sampling is possible.,Parameter names/values in official_example are documented. Additional sampling controls originate from workbook or live probes; not an exhaustive required/optional contract.,True,stock,"{""success"": 11}",11,See coverage requests; HTTP success does not prove semantic equivalence or optional parameter enforcement.
FMP-200,Insider Trading,Beneficial ownership API,https://financialmodelingprep.com/api/v4/insider/ownership/acquisition_of_beneficial_ownership,https://financialmodelingprep.com/api/v4/insider/ownership/acquisition_of_beneficial_ownership?symbol=AAPL,v4,Provides a list of all acquisitions of beneficial ownership.,Mapped from supplied text. Current availability not tested.,https://financialmodelingprep.com/stable/acquisition-of-beneficial-ownership,https://financialmodelingprep.com/stable/acquisition-of-beneficial-ownership?symbol=AAPL,https://site.financialmodelingprep.com/developer/docs,official_catalogue_verified_replacement,Replacement selected by matching endpoint purpose; current field compatibility must be checked.,Parameter names/values in official_example are documented. Additional sampling controls originate from workbook or live probes; not an exhaustive required/optional contract.,True,stock,"{""success"": 11}",11,See coverage requests; HTTP success does not prove semantic equivalence or optional parameter enforcement.
FMP-201,Insider Trading,Fail to deliver API,https://financialmodelingprep.com/api/v4/fail_to_deliver,https://financialmodelingprep.com/api/v4/fail_to_deliver?symbol=GE&page=0,v4,,Mapped from supplied text. Current availability not tested.,,,,no_current_replacement_verified,No exact stable equivalent verified; original workbook route will be tested where HTTP sampling is possible.,Parameter names/values in official_example are documented. Additional sampling controls originate from workbook or live probes; not an exhaustive required/optional contract.,True,stock,"{""success"": 11}",11,See coverage requests; HTTP success does not prove semantic equivalence or optional parameter enforcement.
FMP-202,Fundraising,Crowdfunding RSS API,https://financialmodelingprep.com/api/v4/crowdfunding-offerings-rss-feed,https://financialmodelingprep.com/api/v4/crowdfunding-offerings-rss-feed?page=0,v4,"Provides an RSS feed of crowdfunding campaigns, updated in real time.",Mapped from supplied text. Current availability not tested.,https://financialmodelingprep.com/stable/crowdfunding-offerings-latest,https://financialmodelingprep.com/stable/crowdfunding-offerings-latest?page=0&limit=100,https://site.financialmodelingprep.com/developer/docs,official_catalogue_verified_replacement,Replacement selected by matching endpoint purpose; current field compatibility must be checked.,Parameter names/values in official_example are documented. Additional sampling controls originate from workbook or live probes; not an exhaustive required/optional contract.,False,alternative_or_marketwide,"{""success"": 1}",0,See coverage requests; HTTP success does not prove semantic equivalence or optional parameter enforcement.
FMP-203,Fundraising,Crowdfunding Search API,https://financialmodelingprep.com/api/v4/crowdfunding-offerings/search,https://financialmodelingprep.com/api/v4/crowdfunding-offerings/search?name=enotap,v4,"Allows users to search for crowdfunding campaigns by company name, campaign name, or platform.",Mapped from supplied text. Current availability not tested.,https://financialmodelingprep.com/stable/crowdfunding-offerings-search,https://financialmodelingprep.com/stable/crowdfunding-offerings-search?name=enotap,https://site.financialmodelingprep.com/developer/docs,official_catalogue_verified_replacement,Replacement selected by matching endpoint purpose; current field compatibility must be checked.,Parameter names/values in official_example are documented. Additional sampling controls originate from workbook or live probes; not an exhaustive required/optional contract.,False,alternative_or_marketwide,"{""success"": 1}",0,See coverage requests; HTTP success does not prove semantic equivalence or optional parameter enforcement.
FMP-204,Fundraising,Crowdfunding By CIK API,https://financialmodelingprep.com/api/v4/crowdfunding-offerings,https://financialmodelingprep.com/api/v4/crowdfunding-offerings?cik=0001916078,v4,Provides a list of all crowdfunding campaigns that have been launched by a particular company.,Mapped from supplied text. Current availability not tested.,https://financialmodelingprep.com/stable/crowdfunding-offerings,https://financialmodelingprep.com/stable/crowdfunding-offerings?cik=0001916078,https://site.financialmodelingprep.com/developer/docs,official_catalogue_verified_replacement,Replacement selected by matching endpoint purpose; current field compatibility must be checked.,Parameter names/values in official_example are documented. Additional sampling controls originate from workbook or live probes; not an exhaustive required/optional contract.,False,alternative_or_marketwide,"{""success"": 1}",0,See coverage requests; HTTP success does not prove semantic equivalence or optional parameter enforcement.
FMP-205,Fundraising,Equity Offering RSS API,https://financialmodelingprep.com/api/v4/fundraising-rss-feed,https://financialmodelingprep.com/api/v4/fundraising-rss-feed?page=0,v4,"Provides an RSS feed of equity offering announcements, updated in real time.",Mapped from supplied text. Current availability not tested.,https://financialmodelingprep.com/stable/fundraising-latest,https://financialmodelingprep.com/stable/fundraising-latest?page=0&limit=10,https://site.financialmodelingprep.com/developer/docs,official_catalogue_verified_replacement,Replacement selected by matching endpoint purpose; current field compatibility must be checked.,Parameter names/values in official_example are documented. Additional sampling controls originate from workbook or live probes; not an exhaustive required/optional contract.,False,alternative_or_marketwide,"{""success"": 1}",0,See coverage requests; HTTP success does not prove semantic equivalence or optional parameter enforcement.
FMP-206,Fundraising,Equity Offering Search API,https://financialmodelingprep.com/api/v4/fundraising/search,https://financialmodelingprep.com/api/v4/fundraising/search?name=NJOY,v4,"Allows users to search for equity offerings by company name, offering name, or exchange.",Mapped from supplied text. Current availability not tested.,https://financialmodelingprep.com/stable/fundraising-search,https://financialmodelingprep.com/stable/fundraising-search?name=NJOY,https://site.financialmodelingprep.com/developer/docs,official_catalogue_verified_replacement,Replacement selected by matching endpoint purpose; current field compatibility must be checked.,Parameter names/values in official_example are documented. Additional sampling controls originate from workbook or live probes; not an exhaustive required/optional contract.,False,alternative_or_marketwide,"{""success"": 1}",0,See coverage requests; HTTP success does not prove semantic equivalence or optional parameter enforcement.
FMP-207,Fundraising,Equity Offering By CIK API,https://financialmodelingprep.com/api/v4/fundraising,https://financialmodelingprep.com/api/v4/fundraising?cik=0001547416,v4,Provides a list of all equity offerings that have been announced by a particular company.,Mapped from supplied text. Current availability not tested.,https://financialmodelingprep.com/stable/fundraising,https://financialmodelingprep.com/stable/fundraising?cik=0001547416,https://site.financialmodelingprep.com/developer/docs,official_catalogue_verified_replacement,Replacement selected by matching endpoint purpose; current field compatibility must be checked.,Parameter names/values in official_example are documented. Additional sampling controls originate from workbook or live probes; not an exhaustive required/optional contract.,False,alternative_or_marketwide,"{""success"": 1}",0,See coverage requests; HTTP success does not prove semantic equivalence or optional parameter enforcement.
FMP-208,Economics Data,Treasury Rates API,https://financialmodelingprep.com/api/v4/treasury,https://financialmodelingprep.com/api/v4/treasury?from=2023-08-10&to=2023-10-10,v4,Provides real-time and historical Treasury rates for all maturities.,Mapped from supplied text. Current availability not tested.,https://financialmodelingprep.com/stable/treasury-rates,https://financialmodelingprep.com/stable/treasury-rates,https://site.financialmodelingprep.com/developer/docs,official_catalogue_verified_replacement,Replacement selected by matching endpoint purpose; current field compatibility must be checked.,Parameter names/values in official_example are documented. Additional sampling controls originate from workbook or live probes; not an exhaustive required/optional contract.,False,alternative_or_marketwide,"{""success"": 1}",0,See coverage requests; HTTP success does not prove semantic equivalence or optional parameter enforcement.
FMP-209,Economics Data,Economic Indicators API,https://financialmodelingprep.com/api/v4/economic,https://financialmodelingprep.com/api/v4/economic?name=GDP,v4,"Provides real-time and historical economic data for a variety of economic indicators, such as GDP, unemployment, and inflation.",Mapped from supplied text. Current availability not tested.,https://financialmodelingprep.com/stable/economic-indicators,https://financialmodelingprep.com/stable/economic-indicators?name=GDP,https://site.financialmodelingprep.com/developer/docs,official_catalogue_verified_replacement,Replacement selected by matching endpoint purpose; current field compatibility must be checked.,Parameter names/values in official_example are documented. Additional sampling controls originate from workbook or live probes; not an exhaustive required/optional contract.,False,alternative_or_marketwide,"{""success"": 1}",0,See coverage requests; HTTP success does not prove semantic equivalence or optional parameter enforcement.
FMP-210,Economics Data,Economics Calendar API,https://financialmodelingprep.com/api/v3/economic_calendar,https://financialmodelingprep.com/api/v3/economic_calendar?from=2023-08-10&to=2023-10-10,v3,Provides a calendar of upcoming economic data releases.,Mapped from supplied text. Current availability not tested.,https://financialmodelingprep.com/stable/economic-calendar,https://financialmodelingprep.com/stable/economic-calendar,https://site.financialmodelingprep.com/developer/docs,official_catalogue_verified_replacement,Replacement selected by matching endpoint purpose; current field compatibility must be checked.,Parameter names/values in official_example are documented. Additional sampling controls originate from workbook or live probes; not an exhaustive required/optional contract.,False,alternative_or_marketwide,"{""success"": 1}",0,See coverage requests; HTTP success does not prove semantic equivalence or optional parameter enforcement.
FMP-211,Economics Data,Market Risk Premium API,https://financialmodelingprep.com/api/v4/market_risk_premium,https://financialmodelingprep.com/api/v4/market_risk_premium,v4,Provides the market risk premium for a given date.,Mapped from supplied text. Current availability not tested.,https://financialmodelingprep.com/stable/market-risk-premium,https://financialmodelingprep.com/stable/market-risk-premium,https://site.financialmodelingprep.com/developer/docs,official_catalogue_verified_replacement,Replacement selected by matching endpoint purpose; current field compatibility must be checked.,Parameter names/values in official_example are documented. Additional sampling controls originate from workbook or live probes; not an exhaustive required/optional contract.,False,alternative_or_marketwide,"{""success"": 1}",0,See coverage requests; HTTP success does not prove semantic equivalence or optional parameter enforcement.
FMP-212,Commodities,Commodities List API,https://financialmodelingprep.com/api/v3/symbol/available-commodities,https://financialmodelingprep.com/api/v3/symbol/available-commodities,v3,Provides a list of all commodities that are traded on exchanges around the world.,Mapped from supplied text. Current availability not tested.,https://financialmodelingprep.com/stable/commodities-list,https://financialmodelingprep.com/stable/commodities-list,https://site.financialmodelingprep.com/developer/docs,official_catalogue_verified_replacement,Replacement selected by matching endpoint purpose; current field compatibility must be checked.,Parameter names/values in official_example are documented. Additional sampling controls originate from workbook or live probes; not an exhaustive required/optional contract.,False,alternative_or_marketwide,"{""success"": 1}",0,See coverage requests; HTTP success does not prove semantic equivalence or optional parameter enforcement.
FMP-213,Commodities,Full Commodities Quote List API,https://financialmodelingprep.com/api/v3/quotes/commodity,https://financialmodelingprep.com/api/v3/quotes/commodity,v3,Provides a list of all quotes for all commodities that are traded on exchanges around the world.,Mapped from supplied text. Current availability not tested.,https://financialmodelingprep.com/stable/batch-commodity-quotes,https://financialmodelingprep.com/stable/batch-commodity-quotes,https://site.financialmodelingprep.com/developer/docs,official_catalogue_verified_replacement,Replacement selected by matching endpoint purpose; current field compatibility must be checked.,Parameter names/values in official_example are documented. Additional sampling controls originate from workbook or live probes; not an exhaustive required/optional contract.,False,alternative_or_marketwide,"{""restricted"": 1, ""success"": 1}",0,See coverage requests; HTTP success does not prove semantic equivalence or optional parameter enforcement.
FMP-214,Commodities,Full Commodities Quote API,https://financialmodelingprep.com/api/v3/quote/ZOUSX,https://financialmodelingprep.com/api/v3/quote/ZOUSX,v3,Provides quotes for all commodities that are traded on exchanges around the world.,Mapped from supplied text. Current availability not tested.,https://financialmodelingprep.com/stable/quote,https://financialmodelingprep.com/stable/quote?symbol=AAPL,https://site.financialmodelingprep.com/developer/docs,official_catalogue_verified_replacement,Replacement selected by matching endpoint purpose; current field compatibility must be checked.,Parameter names/values in official_example are documented. Additional sampling controls originate from workbook or live probes; not an exhaustive required/optional contract.,False,alternative_or_marketwide,"{""success"": 1}",0,See coverage requests; HTTP success does not prove semantic equivalence or optional parameter enforcement.
FMP-215,Commodities,Intraday Commodities API,https://financialmodelingprep.com/api/v3/historical-chart/5min/ZOUSX,https://financialmodelingprep.com/api/v3/historical-chart/5min/ZOUSX?from=2024-02-10&to=2024-03-10,v3,Provides intraday price data for all commodities that are traded on exchanges around the world.,Mapped from supplied text. Current availability not tested.,https://financialmodelingprep.com/stable/historical-chart/5min,https://financialmodelingprep.com/stable/historical-chart/5min?symbol=AAPL,https://site.financialmodelingprep.com/developer/docs,official_catalogue_verified_replacement,Replacement selected by matching endpoint purpose; current field compatibility must be checked.,Parameter names/values in official_example are documented. Additional sampling controls originate from workbook or live probes; not an exhaustive required/optional contract.,False,alternative_or_marketwide,"{""success"": 1}",0,See coverage requests; HTTP success does not prove semantic equivalence or optional parameter enforcement.
FMP-216,Commodities,Commodities Daily API,https://financialmodelingprep.com/api/v3/historical-price-full/ZOUSX,https://financialmodelingprep.com/api/v3/historical-price-full/ZOUSX,v3,Provides daily price data for all commodities that are traded on exchanges around the world.,Mapped from supplied text. Current availability not tested.,https://financialmodelingprep.com/stable/historical-price-eod/full,https://financialmodelingprep.com/stable/historical-price-eod/full?symbol=AAPL,https://site.financialmodelingprep.com/developer/docs,official_catalogue_verified_replacement,Replacement selected by matching endpoint purpose; current field compatibility must be checked.,Parameter names/values in official_example are documented. Additional sampling controls originate from workbook or live probes; not an exhaustive required/optional contract.,False,alternative_or_marketwide,"{""success"": 1}",0,See coverage requests; HTTP success does not prove semantic equivalence or optional parameter enforcement.
FMP-217,Forex,Forex List API,https://financialmodelingprep.com/api/v3/symbol/available-forex-currency-pairs,https://financialmodelingprep.com/api/v3/symbol/available-forex-currency-pairs,v3,Provides a list of all currency pairs that are traded on the forex market.,Mapped from supplied text. Current availability not tested.,https://financialmodelingprep.com/stable/forex-list,https://financialmodelingprep.com/stable/forex-list,https://site.financialmodelingprep.com/developer/docs,official_catalogue_verified_replacement,Replacement selected by matching endpoint purpose; current field compatibility must be checked.,Parameter names/values in official_example are documented. Additional sampling controls originate from workbook or live probes; not an exhaustive required/optional contract.,False,alternative_or_marketwide,"{""success"": 1}",0,See coverage requests; HTTP success does not prove semantic equivalence or optional parameter enforcement.
FMP-218,Forex,Full Forex Quote List API,https://financialmodelingprep.com/api/v3/quotes/forex,https://financialmodelingprep.com/api/v3/quotes/forex,v3,Provides a list of all quotes for all currency pairs that are traded on the forex market.,Mapped from supplied text. Current availability not tested.,https://financialmodelingprep.com/stable/batch-forex-quotes,https://financialmodelingprep.com/stable/batch-forex-quotes,https://site.financialmodelingprep.com/developer/docs,official_catalogue_verified_replacement,Replacement selected by matching endpoint purpose; current field compatibility must be checked.,Parameter names/values in official_example are documented. Additional sampling controls originate from workbook or live probes; not an exhaustive required/optional contract.,False,alternative_or_marketwide,"{""restricted"": 1, ""success"": 1}",0,See coverage requests; HTTP success does not prove semantic equivalence or optional parameter enforcement.
FMP-219,Forex,Full Forex Quote API,https://financialmodelingprep.com/api/v3/quote/{symbol},https://financialmodelingprep.com/api/v3/quote/EURUSD,v3,"Provides a full quote for a specific currency pair.A complete quote comprises the current exchange rate for the currency pair, along with daily high, low, and open rates, the spread, and trading volume for the day.",Mapped from supplied text. Current availability not tested.,https://financialmodelingprep.com/stable/quote,https://financialmodelingprep.com/stable/quote?symbol=AAPL,https://site.financialmodelingprep.com/developer/docs,official_catalogue_verified_replacement,Replacement selected by matching endpoint purpose; current field compatibility must be checked.,Parameter names/values in official_example are documented. Additional sampling controls originate from workbook or live probes; not an exhaustive required/optional contract.,False,alternative_or_marketwide,"{""success"": 1}",0,See coverage requests; HTTP success does not prove semantic equivalence or optional parameter enforcement.
FMP-220,Forex,Intraday Forex API,https://financialmodelingprep.com/api/v3/historical-chart/5min/{symbol},https://financialmodelingprep.com/api/v3/historical-chart/5min/EURUSD?from=2023-08-10&to=2023-09-10,v3,"Provides a full quote for a specific currency pair.A complete quote comprises the current exchange rate for the currency pair, along with daily high, low, and open rates, the spread, and trading volume for the day.",Mapped from supplied text. Current availability not tested.,https://financialmodelingprep.com/stable/historical-chart/5min,https://financialmodelingprep.com/stable/historical-chart/5min?symbol=AAPL,https://site.financialmodelingprep.com/developer/docs,official_catalogue_verified_replacement,Replacement selected by matching endpoint purpose; current field compatibility must be checked.,Parameter names/values in official_example are documented. Additional sampling controls originate from workbook or live probes; not an exhaustive required/optional contract.,False,alternative_or_marketwide,"{""success"": 1}",0,See coverage requests; HTTP success does not prove semantic equivalence or optional parameter enforcement.
FMP-221,Forex,Forex Daily API,https://financialmodelingprep.com/api/v3/historical-price-full/{symbol},https://financialmodelingprep.com/api/v3/historical-price-full/EURUSD,v3,Provides daily price data for all currency pairs that are traded on the forex market.,Mapped from supplied text. Current availability not tested.,https://financialmodelingprep.com/stable/historical-price-eod/full,https://financialmodelingprep.com/stable/historical-price-eod/full?symbol=AAPL,https://site.financialmodelingprep.com/developer/docs,official_catalogue_verified_replacement,Replacement selected by matching endpoint purpose; current field compatibility must be checked.,Parameter names/values in official_example are documented. Additional sampling controls originate from workbook or live probes; not an exhaustive required/optional contract.,False,alternative_or_marketwide,"{""success"": 1}",0,See coverage requests; HTTP success does not prove semantic equivalence or optional parameter enforcement.
FMP-222,Crypto,Cryptocurrencies List API,https://financialmodelingprep.com/api/v3/symbol/available-cryptocurrencies,https://financialmodelingprep.com/api/v3/symbol/available-cryptocurrencies,v3,Provides a list of all cryptocurrencies that are traded on exchanges around the world.,Mapped from supplied text. Current availability not tested.,https://financialmodelingprep.com/stable/cryptocurrency-list,https://financialmodelingprep.com/stable/cryptocurrency-list,https://site.financialmodelingprep.com/developer/docs,official_catalogue_verified_replacement,Replacement selected by matching endpoint purpose; current field compatibility must be checked.,Parameter names/values in official_example are documented. Additional sampling controls originate from workbook or live probes; not an exhaustive required/optional contract.,False,alternative_or_marketwide,"{""success"": 1}",0,See coverage requests; HTTP success does not prove semantic equivalence or optional parameter enforcement.
FMP-223,Crypto,Full Crypto Quote List API,https://financialmodelingprep.com/api/v3/quotes/crypto,https://financialmodelingprep.com/api/v3/quotes/crypto,v3,Provides a list of all quotes for all cryptocurrencies that are traded on exchanges around the world.,Mapped from supplied text. Current availability not tested.,https://financialmodelingprep.com/stable/batch-crypto-quotes,https://financialmodelingprep.com/stable/batch-crypto-quotes,https://site.financialmodelingprep.com/developer/docs,official_catalogue_verified_replacement,Replacement selected by matching endpoint purpose; current field compatibility must be checked.,Parameter names/values in official_example are documented. Additional sampling controls originate from workbook or live probes; not an exhaustive required/optional contract.,False,alternative_or_marketwide,"{""restricted"": 1, ""success"": 1}",0,See coverage requests; HTTP success does not prove semantic equivalence or optional parameter enforcement.
FMP-224,Crypto,Full Crypto Quote API,https://financialmodelingprep.com/api/v3/quote/{symbol},https://financialmodelingprep.com/api/v3/quote/BTCUSD,v3,Provides a quote for a specific cryptocurrency.,Mapped from supplied text. Current availability not tested.,https://financialmodelingprep.com/stable/quote,https://financialmodelingprep.com/stable/quote?symbol=AAPL,https://site.financialmodelingprep.com/developer/docs,official_catalogue_verified_replacement,Replacement selected by matching endpoint purpose; current field compatibility must be checked.,Parameter names/values in official_example are documented. Additional sampling controls originate from workbook or live probes; not an exhaustive required/optional contract.,False,alternative_or_marketwide,"{""success"": 1}",0,See coverage requests; HTTP success does not prove semantic equivalence or optional parameter enforcement.
FMP-225,Crypto,Intraday Cryptocurrency API,https://financialmodelingprep.com/api/v3/historical-chart/5min/{symbol},https://financialmodelingprep.com/api/v3/historical-chart/5min/BTCUSD?from=2023-08-10&to=2023-09-10,v3,Provides intraday price data for all cryptocurrencies that are traded on exchanges around the world.,Mapped from supplied text. Current availability not tested.,https://financialmodelingprep.com/stable/historical-chart/5min,https://financialmodelingprep.com/stable/historical-chart/5min?symbol=AAPL,https://site.financialmodelingprep.com/developer/docs,official_catalogue_verified_replacement,Replacement selected by matching endpoint purpose; current field compatibility must be checked.,Parameter names/values in official_example are documented. Additional sampling controls originate from workbook or live probes; not an exhaustive required/optional contract.,False,alternative_or_marketwide,"{""success"": 1}",0,See coverage requests; HTTP success does not prove semantic equivalence or optional parameter enforcement.
FMP-226,Crypto,Cryptocurrency Daily API,https://financialmodelingprep.com/api/v3/historical-price-full/{symbol},https://financialmodelingprep.com/api/v3/historical-price-full/BTCUSD,v3,Provides daily price data for all cryptocurrencies that are traded on exchanges around the world.,Mapped from supplied text. Current availability not tested.,https://financialmodelingprep.com/stable/historical-price-eod/full,https://financialmodelingprep.com/stable/historical-price-eod/full?symbol=AAPL,https://site.financialmodelingprep.com/developer/docs,official_catalogue_verified_replacement,Replacement selected by matching endpoint purpose; current field compatibility must be checked.,Parameter names/values in official_example are documented. Additional sampling controls originate from workbook or live probes; not an exhaustive required/optional contract.,False,alternative_or_marketwide,"{""success"": 1}",0,See coverage requests; HTTP success does not prove semantic equivalence or optional parameter enforcement.
FMP-227,Constituents,S&P 500 Constituents API,https://financialmodelingprep.com/api/v3/sp500_constituent,https://financialmodelingprep.com/api/v3/sp500_constituent,v3,Provides a list of all companies that are included in the S&P 500 index.,Mapped from supplied text. Current availability not tested.,https://financialmodelingprep.com/stable/sp500-constituent,https://financialmodelingprep.com/stable/sp500-constituent,https://site.financialmodelingprep.com/developer/docs,official_catalogue_verified_replacement,Replacement selected by matching endpoint purpose; current field compatibility must be checked.,Parameter names/values in official_example are documented. Additional sampling controls originate from workbook or live probes; not an exhaustive required/optional contract.,False,alternative_or_marketwide,"{""restricted"": 1, ""success"": 1}",0,See coverage requests; HTTP success does not prove semantic equivalence or optional parameter enforcement.
FMP-228,Constituents,Historical S&P 500 Constituents API,https://financialmodelingprep.com/api/v3/historical/sp500_constituent,https://financialmodelingprep.com/api/v3/historical/sp500_constituent,v3,Provides historical data for all companies that are included in the S&P 500 index.,Mapped from supplied text. Current availability not tested.,https://financialmodelingprep.com/stable/historical-sp500-constituent,https://financialmodelingprep.com/stable/historical-sp500-constituent,https://site.financialmodelingprep.com/developer/docs,official_catalogue_verified_replacement,Replacement selected by matching endpoint purpose; current field compatibility must be checked.,Parameter names/values in official_example are documented. Additional sampling controls originate from workbook or live probes; not an exhaustive required/optional contract.,False,alternative_or_marketwide,"{""restricted"": 1, ""success"": 1}",0,See coverage requests; HTTP success does not prove semantic equivalence or optional parameter enforcement.
FMP-229,Constituents,Nasdaq Constituents API,https://financialmodelingprep.com/api/v3/nasdaq_constituent,https://financialmodelingprep.com/api/v3/nasdaq_constituent,v3,Provides a list of all companies that are listed on the NASDAQ stock exchange.,Mapped from supplied text. Current availability not tested.,https://financialmodelingprep.com/stable/nasdaq-constituent,https://financialmodelingprep.com/stable/nasdaq-constituent,https://site.financialmodelingprep.com/developer/docs,official_catalogue_verified_replacement,Replacement selected by matching endpoint purpose; current field compatibility must be checked.,Parameter names/values in official_example are documented. Additional sampling controls originate from workbook or live probes; not an exhaustive required/optional contract.,False,alternative_or_marketwide,"{""restricted"": 1, ""success"": 1}",0,See coverage requests; HTTP success does not prove semantic equivalence or optional parameter enforcement.
FMP-230,Constituents,Historical Nasdaq Constituents API,https://financialmodelingprep.com/api/v3/historical/nasdaq_constituent,https://financialmodelingprep.com/api/v3/historical/nasdaq_constituent,v3,Provides historical data for all companies that are listed on the NASDAQ stock exchange.,Mapped from supplied text. Current availability not tested.,https://financialmodelingprep.com/stable/historical-nasdaq-constituent,https://financialmodelingprep.com/stable/historical-nasdaq-constituent,https://site.financialmodelingprep.com/developer/docs,official_catalogue_verified_replacement,Replacement selected by matching endpoint purpose; current field compatibility must be checked.,Parameter names/values in official_example are documented. Additional sampling controls originate from workbook or live probes; not an exhaustive required/optional contract.,False,alternative_or_marketwide,"{""restricted"": 1, ""success"": 1}",0,See coverage requests; HTTP success does not prove semantic equivalence or optional parameter enforcement.
FMP-231,Constituents,Dow Jones Constituents API,https://financialmodelingprep.com/api/v3/dowjones_constituent,https://financialmodelingprep.com/api/v3/dowjones_constituent,v3,Provides a list of all companies that are included in the Dow Jones Industrial Average.,Mapped from supplied text. Current availability not tested.,https://financialmodelingprep.com/stable/dowjones-constituent,https://financialmodelingprep.com/stable/dowjones-constituent,https://site.financialmodelingprep.com/developer/docs,official_catalogue_verified_replacement,Replacement selected by matching endpoint purpose; current field compatibility must be checked.,Parameter names/values in official_example are documented. Additional sampling controls originate from workbook or live probes; not an exhaustive required/optional contract.,False,alternative_or_marketwide,"{""restricted"": 1, ""success"": 1}",0,See coverage requests; HTTP success does not prove semantic equivalence or optional parameter enforcement.
FMP-232,Constituents,Historical Dow Jones Constituents API,https://financialmodelingprep.com/api/v3/historical/dowjones_constituent,https://financialmodelingprep.com/api/v3/historical/dowjones_constituent,v3,,Mapped from supplied text. Current availability not tested.,https://financialmodelingprep.com/stable/historical-dowjones-constituent,https://financialmodelingprep.com/stable/historical-dowjones-constituent,https://site.financialmodelingprep.com/developer/docs,official_catalogue_verified_replacement,Replacement selected by matching endpoint purpose; current field compatibility must be checked.,Parameter names/values in official_example are documented. Additional sampling controls originate from workbook or live probes; not an exhaustive required/optional contract.,False,alternative_or_marketwide,"{""restricted"": 1, ""success"": 1}",0,See coverage requests; HTTP success does not prove semantic equivalence or optional parameter enforcement.
FMP-233,Sales Revenue By Segments,Revenue Product Segmentation API,https://financialmodelingprep.com/api/v4/revenue-product-segmentation,https://financialmodelingprep.com/api/v4/revenue-product-segmentation?symbol=AAPL&structure=flat&period=annual,v4,Provides a breakdown of a company's revenue by product category.,Mapped from supplied text. Current availability not tested.,https://financialmodelingprep.com/stable/revenue-product-segmentation,https://financialmodelingprep.com/stable/revenue-product-segmentation?symbol=AAPL,https://site.financialmodelingprep.com/developer/docs,official_catalogue_verified_replacement,Replacement selected by matching endpoint purpose; current field compatibility must be checked.,Parameter names/values in official_example are documented. Additional sampling controls originate from workbook or live probes; not an exhaustive required/optional contract.,True,stock,"{""restricted"": 11, ""success"": 22}",11,See coverage requests; HTTP success does not prove semantic equivalence or optional parameter enforcement.
FMP-234,Sales Revenue By Segments,Revenue Geo Segmentation API,https://financialmodelingprep.com/api/v4/revenue-geographic-segmentation,https://financialmodelingprep.com/api/v4/revenue-geographic-segmentation?symbol=AAPL&structure=flat,v4,Provides a breakdown of a company's revenue by geographic region.,Mapped from supplied text. Current availability not tested.,https://financialmodelingprep.com/stable/revenue-geographic-segmentation,https://financialmodelingprep.com/stable/revenue-geographic-segmentation?symbol=AAPL,https://site.financialmodelingprep.com/developer/docs,official_catalogue_verified_replacement,Replacement selected by matching endpoint purpose; current field compatibility must be checked.,Parameter names/values in official_example are documented. Additional sampling controls originate from workbook or live probes; not an exhaustive required/optional contract.,True,stock,"{""empty"": 2, ""restricted"": 11, ""success"": 20}",10,See coverage requests; HTTP success does not prove semantic equivalence or optional parameter enforcement.
FMP-235,Websocket,Company Web Socket API,wss://websockets.financialmodelingprep.com,wss://websockets.financialmodelingprep.com,WebSocket,Provides a Real-time feed of stock price and quote data.,Mapped from supplied text. Current availability not tested.,wss://websockets.financialmodelingprep.com,wss://websockets.financialmodelingprep.com,https://site.financialmodelingprep.com/developer/docs/websocket-api,official_legacy_websocket_documented,"Bounded documented login/subscription probe; exact access tested, not assumed.",Parameter names/values in official_example are documented. Additional sampling controls originate from workbook or live probes; not an exhaustive required/optional contract.,True,stock_stream,"{""restricted"": 11}",0,See coverage requests; HTTP success does not prove semantic equivalence or optional parameter enforcement.
FMP-236,Websocket,Crypto Web Socket API,wss://crypto.financialmodelingprep.com,wss://crypto.financialmodelingprep.com,WebSocket,Provides a Real-time feed of crypto price and quote data.,Mapped from supplied text. Current availability not tested.,wss://crypto.financialmodelingprep.com,wss://crypto.financialmodelingprep.com,https://site.financialmodelingprep.com/developer/docs/crypto-websocket,official_legacy_websocket_documented,"Bounded documented login/subscription probe; exact access tested, not assumed.",Parameter names/values in official_example are documented. Additional sampling controls originate from workbook or live probes; not an exhaustive required/optional contract.,False,non_stock_stream,"{""restricted"": 1}",0,See coverage requests; HTTP success does not prove semantic equivalence or optional parameter enforcement.
FMP-237,Websocket,Forex Web Socket API,wss://forex.financialmodelingprep.com,wss://forex.financialmodelingprep.com,WebSocket,Provides a Real-time feed of forex price and quote data.,Mapped from supplied text. Current availability not tested.,wss://forex.financialmodelingprep.com,wss://forex.financialmodelingprep.com,https://site.financialmodelingprep.com/developer/docs/forex-websocket,official_legacy_websocket_documented,"Bounded documented login/subscription probe; exact access tested, not assumed.",Parameter names/values in official_example are documented. Additional sampling controls originate from workbook or live probes; not an exhaustive required/optional contract.,False,non_stock_stream,"{""restricted"": 1}",0,See coverage requests; HTTP success does not prove semantic equivalence or optional parameter enforcement.
FMP-238,Bulk Requests,Multiple Company Prices API,https://financialmodelingprep.com/api/v3/quote/{symbols},"https://financialmodelingprep.com/api/v3/quote/AAPL,MSFT",v3,Get multiple company prices at once,Mapped from supplied text. Current availability not tested.,https://financialmodelingprep.com/stable/batch-quote,https://financialmodelingprep.com/stable/batch-quote?symbols=AAPL,https://site.financialmodelingprep.com/developer/docs,official_catalogue_verified_replacement,Replacement selected by matching endpoint purpose; current field compatibility must be checked.,Parameter names/values in official_example are documented. Additional sampling controls originate from workbook or live probes; not an exhaustive required/optional contract.,True,stock,"{""restricted"": 11, ""success"": 11}",11,See coverage requests; HTTP success does not prove semantic equivalence or optional parameter enforcement.
FMP-239,Bulk Requests,Batch EOD Prices API,https://financialmodelingprep.com/api/v4/batch-historical-eod,https://financialmodelingprep.com/api/v4/batch-historical-eod?date=2021-05-18,v4,Batch request that contains all end of day prices for specific date,Mapped from supplied text. Current availability not tested.,https://financialmodelingprep.com/stable/eod-bulk,https://financialmodelingprep.com/stable/eod-bulk?date=2024-10-22,https://site.financialmodelingprep.com/developer/docs,official_catalogue_verified_replacement,Replacement selected by matching endpoint purpose; current field compatibility must be checked.,Parameter names/values in official_example are documented. Additional sampling controls originate from workbook or live probes; not an exhaustive required/optional contract.,False,alternative_or_marketwide,"{""bounded_download"": 1, ""not_present_in_bounded_bulk"": 4, ""restricted"": 1, ""success"": 7}",7,See coverage requests; HTTP success does not prove semantic equivalence or optional parameter enforcement.
FMP-240,Bulk Requests,Bulk Income Statements API,https://financialmodelingprep.com/api/v4/income-statement-bulk,https://financialmodelingprep.com/api/v4/income-statement-bulk?year=2020&period=annual,v4,All quarter or annual Income Statements for specific year,Mapped from supplied text. Current availability not tested.,https://financialmodelingprep.com/stable/income-statement-bulk,https://financialmodelingprep.com/stable/income-statement-bulk?year=2026&period=Q1,https://site.financialmodelingprep.com/developer/docs,official_catalogue_verified_replacement,Replacement selected by matching endpoint purpose; current field compatibility must be checked.,Parameter names/values in official_example are documented. Additional sampling controls originate from workbook or live probes; not an exhaustive required/optional contract.,False,alternative_or_marketwide,"{""restricted"": 2}",0,See coverage requests; HTTP success does not prove semantic equivalence or optional parameter enforcement.
FMP-241,Bulk Requests,Bulk Balance Sheet Statements API,https://financialmodelingprep.com/api/v4/balance-sheet-statement-bulk,https://financialmodelingprep.com/api/v4/balance-sheet-statement-bulk?year=2020&period=annual,v4,All quarter or annual Balance Sheet Statements for specific year,Mapped from supplied text. Current availability not tested.,https://financialmodelingprep.com/stable/balance-sheet-statement-bulk,https://financialmodelingprep.com/stable/balance-sheet-statement-bulk?year=2026&period=Q1,https://site.financialmodelingprep.com/developer/docs,official_catalogue_verified_replacement,Replacement selected by matching endpoint purpose; current field compatibility must be checked.,Parameter names/values in official_example are documented. Additional sampling controls originate from workbook or live probes; not an exhaustive required/optional contract.,False,alternative_or_marketwide,"{""restricted"": 2}",0,See coverage requests; HTTP success does not prove semantic equivalence or optional parameter enforcement.
FMP-242,Bulk Requests,Bulk Cash flow Statements API,https://financialmodelingprep.com/api/v4/cash-flow-statement-bulk,https://financialmodelingprep.com/api/v4/cash-flow-statement-bulk?year=2020&period=annual,v4,All quarter or annual Cash Flow Statements for specific year,Mapped from supplied text. Current availability not tested.,https://financialmodelingprep.com/stable/cash-flow-statement-bulk,https://financialmodelingprep.com/stable/cash-flow-statement-bulk?year=2026&period=Q1,https://site.financialmodelingprep.com/developer/docs,official_catalogue_verified_replacement,Replacement selected by matching endpoint purpose; current field compatibility must be checked.,Parameter names/values in official_example are documented. Additional sampling controls originate from workbook or live probes; not an exhaustive required/optional contract.,False,alternative_or_marketwide,"{""restricted"": 2}",0,See coverage requests; HTTP success does not prove semantic equivalence or optional parameter enforcement.
FMP-243,Bulk Requests,Bulk Ratios API,https://financialmodelingprep.com/api/v4/ratios-bulk,https://financialmodelingprep.com/api/v4/ratios-bulk?year=2020&period=annual,v4,All quarter or annual Ratios for specific year,Mapped from supplied text. Current availability not tested.,,,,no_current_replacement_verified,No exact stable equivalent verified; original workbook route will be tested where HTTP sampling is possible.,Parameter names/values in official_example are documented. Additional sampling controls originate from workbook or live probes; not an exhaustive required/optional contract.,False,alternative_or_marketwide,"{""restricted"": 1}",0,See coverage requests; HTTP success does not prove semantic equivalence or optional parameter enforcement.
FMP-244,Bulk Requests,Bulk Key Metrics API,https://financialmodelingprep.com/api/v4/key-metrics-bulk,https://financialmodelingprep.com/api/v4/key-metrics-bulk?year=2020&period=annual,v4,All quarter or annual Key Metrics for specific year,Mapped from supplied text. Current availability not tested.,,,,no_current_replacement_verified,No exact stable equivalent verified; original workbook route will be tested where HTTP sampling is possible.,Parameter names/values in official_example are documented. Additional sampling controls originate from workbook or live probes; not an exhaustive required/optional contract.,False,alternative_or_marketwide,"{""restricted"": 1}",0,See coverage requests; HTTP success does not prove semantic equivalence or optional parameter enforcement.
FMP-245,Bulk Requests,Bulk Earning Surprises API,https://financialmodelingprep.com/api/v4/earnings-surprises-bulk,https://financialmodelingprep.com/api/v4/earnings-surprises-bulk,v4,All Earning Surprises for specific year,Mapped from supplied text. Current availability not tested.,https://financialmodelingprep.com/stable/earnings-surprises-bulk,https://financialmodelingprep.com/stable/earnings-surprises-bulk?year=2026,https://site.financialmodelingprep.com/developer/docs,official_catalogue_verified_replacement,Replacement selected by matching endpoint purpose; current field compatibility must be checked.,Parameter names/values in official_example are documented. Additional sampling controls originate from workbook or live probes; not an exhaustive required/optional contract.,False,alternative_or_marketwide,"{""restricted"": 2}",0,See coverage requests; HTTP success does not prove semantic equivalence or optional parameter enforcement.
FMP-246,Bulk Requests,Bulk Profiles API,https://financialmodelingprep.com/stable/profile-bulk,https://financialmodelingprep.com/stable/profile-bulk?part=0,Stable,It contains all profiles from our API in one CSV file,Mapped from supplied text. Current availability not tested.,https://financialmodelingprep.com/stable/profile-bulk,https://financialmodelingprep.com/stable/profile-bulk?part=0,https://site.financialmodelingprep.com/developer/docs,official_catalogue_verified_replacement,Replacement selected by matching endpoint purpose; current field compatibility must be checked.,Parameter names/values in official_example are documented. Additional sampling controls originate from workbook or live probes; not an exhaustive required/optional contract.,False,alternative_or_marketwide,"{""restricted"": 1}",0,See coverage requests; HTTP success does not prove semantic equivalence or optional parameter enforcement.
FMP-247,Bulk Requests,Bulk Stock Peers API,https://financialmodelingprep.com/api/v4/stock_peers_bulk,https://financialmodelingprep.com/api/v4/stock_peers_bulk,v4,Stock peers for all symbols with profile,Mapped from supplied text. Current availability not tested.,https://financialmodelingprep.com/stable/peers-bulk,https://financialmodelingprep.com/stable/peers-bulk,https://site.financialmodelingprep.com/developer/docs,official_catalogue_verified_replacement,Replacement selected by matching endpoint purpose; current field compatibility must be checked.,Parameter names/values in official_example are documented. Additional sampling controls originate from workbook or live probes; not an exhaustive required/optional contract.,False,alternative_or_marketwide,"{""restricted"": 2}",0,See coverage requests; HTTP success does not prove semantic equivalence or optional parameter enforcement.
FMP-248,Bulk Requests,Bulk Ratings API,https://financialmodelingprep.com/api/v4/rating-bulk,https://financialmodelingprep.com/api/v4/rating-bulk,v4,All latest company ratings.,Mapped from supplied text. Current availability not tested.,https://financialmodelingprep.com/stable/rating-bulk,https://financialmodelingprep.com/stable/rating-bulk,https://site.financialmodelingprep.com/developer/docs,official_catalogue_verified_replacement,Replacement selected by matching endpoint purpose; current field compatibility must be checked.,Parameter names/values in official_example are documented. Additional sampling controls originate from workbook or live probes; not an exhaustive required/optional contract.,False,alternative_or_marketwide,"{""restricted"": 2}",0,See coverage requests; HTTP success does not prove semantic equivalence or optional parameter enforcement.
FMP-249,Bulk Requests,All latest DCF API,https://financialmodelingprep.com/api/v4/dcf-bulk,https://financialmodelingprep.com/api/v4/dcf-bulk,v4,,Mapped from supplied text. Current availability not tested.,https://financialmodelingprep.com/stable/dcf-bulk,https://financialmodelingprep.com/stable/dcf-bulk,https://site.financialmodelingprep.com/developer/docs,official_catalogue_verified_replacement,Replacement selected by matching endpoint purpose; current field compatibility must be checked.,Parameter names/values in official_example are documented. Additional sampling controls originate from workbook or live probes; not an exhaustive required/optional contract.,False,alternative_or_marketwide,"{""restricted"": 2}",0,See coverage requests; HTTP success does not prove semantic equivalence or optional parameter enforcement.
FMP-250,Bulk Requests,Bulk Key Metrics TTM API,https://financialmodelingprep.com/api/v4/key-metrics-ttm-bulk,https://financialmodelingprep.com/api/v4/key-metrics-ttm-bulk,v4,Key Metrics TTM for every stock,Mapped from supplied text. Current availability not tested.,https://financialmodelingprep.com/stable/key-metrics-ttm-bulk,https://financialmodelingprep.com/stable/key-metrics-ttm-bulk,https://site.financialmodelingprep.com/developer/docs,official_catalogue_verified_replacement,Replacement selected by matching endpoint purpose; current field compatibility must be checked.,Parameter names/values in official_example are documented. Additional sampling controls originate from workbook or live probes; not an exhaustive required/optional contract.,False,alternative_or_marketwide,"{""restricted"": 2}",0,See coverage requests; HTTP success does not prove semantic equivalence or optional parameter enforcement.
FMP-251,Bulk Requests,Bulk Ratio TTM API,https://financialmodelingprep.com/api/v4/ratios-ttm-bulk,https://financialmodelingprep.com/api/v4/ratios-ttm-bulk,v4,Ratios TTM for every stock,Mapped from supplied text. Current availability not tested.,https://financialmodelingprep.com/stable/ratios-ttm-bulk,https://financialmodelingprep.com/stable/ratios-ttm-bulk,https://site.financialmodelingprep.com/developer/docs,official_catalogue_verified_replacement,Replacement selected by matching endpoint purpose; current field compatibility must be checked.,Parameter names/values in official_example are documented. Additional sampling controls originate from workbook or live probes; not an exhaustive required/optional contract.,False,alternative_or_marketwide,"{""restricted"": 2}",0,See coverage requests; HTTP success does not prove semantic equivalence or optional parameter enforcement.
FMP-252,Bulk Requests,Bulk Scores API,https://financialmodelingprep.com/api/v4/scores-bulk,https://financialmodelingprep.com/api/v4/scores-bulk,v4,All stock financial scores,Mapped from supplied text. Current availability not tested.,https://financialmodelingprep.com/stable/scores-bulk,https://financialmodelingprep.com/stable/scores-bulk,https://site.financialmodelingprep.com/developer/docs,official_catalogue_verified_replacement,Replacement selected by matching endpoint purpose; current field compatibility must be checked.,Parameter names/values in official_example are documented. Additional sampling controls originate from workbook or live probes; not an exhaustive required/optional contract.,False,alternative_or_marketwide,"{""restricted"": 2}",0,See coverage requests; HTTP success does not prove semantic equivalence or optional parameter enforcement.
FMP-253,Bulk Requests,Bulk Financial Growth API,https://financialmodelingprep.com/api/v4/financial-growth-bulk,https://financialmodelingprep.com/api/v4/financial-growth-bulk?year=2020&period=annual,v4,All quarter or annual growth entries for specific year,Mapped from supplied text. Current availability not tested.,,,,no_current_replacement_verified,No exact stable equivalent verified; original workbook route will be tested where HTTP sampling is possible.,Parameter names/values in official_example are documented. Additional sampling controls originate from workbook or live probes; not an exhaustive required/optional contract.,False,alternative_or_marketwide,"{""restricted"": 1}",0,See coverage requests; HTTP success does not prove semantic equivalence or optional parameter enforcement.
FMP-254,Bulk Requests,Bulk Income Statements Growth API,https://financialmodelingprep.com/api/v4/income-statement-growth-bulk,https://financialmodelingprep.com/api/v4/income-statement-growth-bulk?year=2020&period=annual,v4,All quarter or annual Income Statements Growth for specific year,Mapped from supplied text. Current availability not tested.,https://financialmodelingprep.com/stable/income-statement-growth-bulk,https://financialmodelingprep.com/stable/income-statement-growth-bulk?year=2026&period=Q1,https://site.financialmodelingprep.com/developer/docs,official_catalogue_verified_replacement,Replacement selected by matching endpoint purpose; current field compatibility must be checked.,Parameter names/values in official_example are documented. Additional sampling controls originate from workbook or live probes; not an exhaustive required/optional contract.,False,alternative_or_marketwide,"{""restricted"": 2}",0,See coverage requests; HTTP success does not prove semantic equivalence or optional parameter enforcement.
FMP-255,Bulk Requests,Bulk Balance Sheet Growth API,https://financialmodelingprep.com/api/v4/balance-sheet-statement-growth-bulk,https://financialmodelingprep.com/api/v4/balance-sheet-statement-growth-bulk?year=2020&period=annual,v4,All quarter or annual Balance Sheet Statements Growth for specific year,Mapped from supplied text. Current availability not tested.,https://financialmodelingprep.com/stable/balance-sheet-statement-growth-bulk,https://financialmodelingprep.com/stable/balance-sheet-statement-growth-bulk?year=2026&period=Q1,https://site.financialmodelingprep.com/developer/docs,official_catalogue_verified_replacement,Replacement selected by matching endpoint purpose; current field compatibility must be checked.,Parameter names/values in official_example are documented. Additional sampling controls originate from workbook or live probes; not an exhaustive required/optional contract.,False,alternative_or_marketwide,"{""restricted"": 2}",0,See coverage requests; HTTP success does not prove semantic equivalence or optional parameter enforcement.
FMP-256,Bulk Requests,Bulk Cash Flow Statements Growth API,https://financialmodelingprep.com/api/v4/cash-flow-statement-growth-bulk,https://financialmodelingprep.com/api/v4/cash-flow-statement-growth-bulk?year=2020&period=annual,v4,All quarter or annual Cash Flow Statements Growth for specific year,Mapped from supplied text. Current availability not tested.,https://financialmodelingprep.com/stable/cash-flow-statement-growth-bulk,https://financialmodelingprep.com/stable/cash-flow-statement-growth-bulk?year=2026&period=Q1,https://site.financialmodelingprep.com/developer/docs,official_catalogue_verified_replacement,Replacement selected by matching endpoint purpose; current field compatibility must be checked.,Parameter names/values in official_example are documented. Additional sampling controls originate from workbook or live probes; not an exhaustive required/optional contract.,False,alternative_or_marketwide,"{""restricted"": 2}",0,See coverage requests; HTTP success does not prove semantic equivalence or optional parameter enforcement.
FMP-257,Bulk Requests,Bulk Price Target Summary API,https://financialmodelingprep.com/stable/price-target-summary-bulk,https://financialmodelingprep.com/stable/price-target-summary-bulk,Stable,Price target summary for every stocks,Mapped from supplied text. Current availability not tested.,https://financialmodelingprep.com/stable/price-target-summary-bulk,https://financialmodelingprep.com/stable/price-target-summary-bulk,https://site.financialmodelingprep.com/developer/docs,official_catalogue_verified_replacement,Replacement selected by matching endpoint purpose; current field compatibility must be checked.,Parameter names/values in official_example are documented. Additional sampling controls originate from workbook or live probes; not an exhaustive required/optional contract.,False,alternative_or_marketwide,"{""restricted"": 1}",0,See coverage requests; HTTP success does not prove semantic equivalence or optional parameter enforcement.
FMP-258,Bulk Requests,Bulk Upgrades Downgrades Consensus API,https://financialmodelingprep.com/stable/upgrades-downgrades-consensus-bulk,https://financialmodelingprep.com/stable/upgrades-downgrades-consensus-bulk,Stable,Upgrades downgrades consensus for every stock,Mapped from supplied text. Current availability not tested.,https://financialmodelingprep.com/stable/upgrades-downgrades-consensus-bulk,https://financialmodelingprep.com/stable/upgrades-downgrades-consensus-bulk,https://site.financialmodelingprep.com/developer/docs,official_catalogue_verified_replacement,Replacement selected by matching endpoint purpose; current field compatibility must be checked.,Parameter names/values in official_example are documented. Additional sampling controls originate from workbook or live probes; not an exhaustive required/optional contract.,False,alternative_or_marketwide,"{""restricted"": 1}",0,See coverage requests; HTTP success does not prove semantic equivalence or optional parameter enforcement.
FMP-259,Bulk Requests,Bulk ETF Holders API,https://financialmodelingprep.com/stable/etf-holder-bulk,https://financialmodelingprep.com/stable/etf-holder-bulk?part=1,Stable,Latest ETF Holders Information Bulk,Mapped from supplied text. Current availability not tested.,https://financialmodelingprep.com/stable/etf-holder-bulk,https://financialmodelingprep.com/stable/etf-holder-bulk?part=1,https://site.financialmodelingprep.com/developer/docs,official_catalogue_verified_replacement,Replacement selected by matching endpoint purpose; current field compatibility must be checked.,Parameter names/values in official_example are documented. Additional sampling controls originate from workbook or live probes; not an exhaustive required/optional contract.,False,alternative_or_marketwide,"{""restricted"": 1}",0,See coverage requests; HTTP success does not prove semantic equivalence or optional parameter enforcement.
